PO_ID,Supplier,Order_Date,Delivery_Date,Item_Category,Order_Status,Quantity,Unit_Price,Negotiated_Price,Defective_Units,Compliance,LeadTime,DefectRate,CostSavingPct,ComplianceFlag,LeadTime_NegativeFlag,Category_Median_LeadTime,OnTimeFlag
PO-00002,Delta_Logistics,2022-04-25,2022-05-05,Office Supplies,Delivered,1509,39.32,37.34,235.0,Yes,10,0.15573227302849568,0.050356052899287816,1,0,10.0,1
PO-00003,Gamma_Co,2022-01-26,2022-02-15,MRO,Delivered,910,95.51,92.26,41.0,Yes,20,0.045054945054945054,0.034027850486860016,1,0,12.0,0
PO-00004,Beta_Supplies,2022-10-09,2022-10-28,Packaging,Delivered,1344,99.85,95.52,112.0,Yes,19,0.08333333333333333,0.04336504757135702,1,0,11.0,0
PO-00005,Delta_Logistics,2022-09-08,2022-09-20,Raw Materials,Delivered,1180,64.07,60.53,171.0,No,12,0.14491525423728813,0.05525206805056957,0,0,10.5,0
PO-00006,Epsilon_Group,2022-08-17,2022-08-29,MRO,Delivered,1145,69.21,63.57,39.0,Yes,12,0.03406113537117904,0.08149111400086684,1,0,12.0,1
PO-00007,Gamma_Co,2022-05-23,2022-06-03,MRO,Delivered,1774,51.37,47.82,96.0,No,11,0.05411499436302142,0.0691064823827136,0,0,12.0,1
PO-00008,Alpha_Inc,2022-04-15,2022-04-29,MRO,Delivered,1094,36.93,32.78,22.0,Yes,14,0.02010968921389397,0.11237476306525856,1,0,12.0,0
PO-00009,Gamma_Co,2023-11-24,2023-11-28,Raw Materials,Partially Delivered,1688,43.93,39.89,89.0,Yes,4,0.052725118483412325,0.09196448895970862,1,0,10.5,1
PO-00010,Gamma_Co,2023-07-13,2023-07-25,Raw Materials,Pending,171,76.87,70.2,8.0,Yes,12,0.04678362573099415,0.0867698712111357,1,0,10.5,0
PO-00011,Epsilon_Group,2022-03-31,2022-04-15,Raw Materials,Delivered,5000,78.49,73.68,18.0,Yes,15,0.0036,0.06128169193527823,1,0,10.5,0
PO-00012,Beta_Supplies,2023-08-28,2023-09-11,Raw Materials,Delivered,5000,88.96,86.58,115.0,Yes,14,0.023,0.02675359712230211,1,0,10.5,0
PO-00013,Beta_Supplies,2023-03-09,2023-03-26,Electronics,Pending,5000,86.74,74.86,51.0,Yes,17,0.0102,0.1369610329721005,1,0,11.0,0
PO-00015,Delta_Logistics,2022-01-31,2022-02-18,Electronics,Pending,5000,54.5,48.45,22.0,Yes,18,0.0044,0.11100917431192656,1,0,11.0,0
PO-00016,Beta_Supplies,2022-04-06,2022-04-21,Packaging,Delivered,5000,15.41,15.12,0.0,Yes,15,0.0,0.01881894873458799,1,0,11.0,0
PO-00017,Delta_Logistics,2022-08-12,2022-08-31,MRO,Delivered,1173,61.54,55.49,172.0,No,19,0.1466325660699062,0.09831004224894373,0,0,12.0,0
PO-00018,Epsilon_Group,2022-08-27,2022-09-04,Raw Materials,Delivered,921,51.48,50.61,0.0,Yes,8,0.0,0.01689976689976685,1,0,10.5,1
PO-00019,Gamma_Co,2023-06-02,2023-06-05,Raw Materials,Partially Delivered,1737,97.53,87.37,79.0,Yes,3,0.04548071387449626,0.104173074951297,1,0,10.5,1
PO-00020,Delta_Logistics,2023-09-09,2023-09-24,Raw Materials,Delivered,180,45.74,38.89,0.0,No,15,0.0,0.14975951027547008,0,0,10.5,0
PO-00022,Delta_Logistics,2023-07-29,2023-08-11,Raw Materials,Delivered,1382,24.93,23.75,0.0,Yes,13,0.0,0.04733253108704371,1,0,10.5,0
PO-00023,Epsilon_Group,2022-07-23,2022-08-08,MRO,Delivered,819,80.89,77.03,29.0,Yes,16,0.03540903540903541,0.04771912473729756,1,0,12.0,0
PO-00024,Beta_Supplies,2023-10-28,2023-11-03,Office Supplies,Partially Delivered,393,72.53,66.31,42.0,No,6,0.10687022900763359,0.08575761753757065,0,0,10.0,1
PO-00025,Beta_Supplies,2023-12-20,2024-01-01,MRO,Delivered,1565,21.3,20.09,161.0,Yes,12,0.10287539936102237,0.05680751173708924,1,0,12.0,1
PO-00026,Epsilon_Group,2023-07-13,2023-07-24,Packaging,Delivered,1487,19.15,17.24,0.0,Yes,11,0.0,0.0997389033942559,1,0,11.0,1
PO-00027,Alpha_Inc,2023-03-06,2023-03-26,MRO,Delivered,855,78.2,67.16,17.0,Yes,20,0.019883040935672516,0.14117647058823538,1,0,12.0,0
PO-00028,Epsilon_Group,2022-08-14,2022-08-23,Raw Materials,Delivered,435,17.13,15.84,8.0,Yes,9,0.01839080459770115,0.07530647985989487,1,0,10.5,1
PO-00029,Delta_Logistics,2023-04-05,2023-04-22,MRO,Delivered,1265,90.26,79.47,187.0,Yes,17,0.14782608695652175,0.11954354088189681,1,0,12.0,0
PO-00031,Gamma_Co,2022-10-12,2022-10-26,Electronics,Delivered,326,18.1,15.92,0.0,No,14,0.0,0.12044198895027632,0,0,11.0,0
PO-00032,Alpha_Inc,2022-01-07,2022-01-15,Office Supplies,Delivered,1234,17.64,15.66,26.0,Yes,8,0.02106969205834684,0.1122448979591837,1,0,10.0,1
PO-00033,Epsilon_Group,2022-06-13,2022-06-29,MRO,Delivered,509,101.27,97.82,19.0,Yes,16,0.03732809430255403,0.03406734472203025,1,0,12.0,0
PO-00034,Alpha_Inc,2023-12-16,2023-12-17,Packaging,Delivered,1387,48.71,43.71,27.0,Yes,1,0.01946647440519106,0.10264832683227264,1,0,11.0,1
PO-00035,Alpha_Inc,2023-03-09,2023-03-17,MRO,Delivered,71,46.39,43.18,0.0,Yes,8,0.0,0.06919594740245745,1,0,12.0,1
PO-00036,Epsilon_Group,2022-12-15,2022-12-23,Office Supplies,Delivered,302,87.73,81.52,9.0,Yes,8,0.029801324503311258,0.07078536418556945,1,0,10.0,1
PO-00037,Epsilon_Group,2022-10-12,2022-10-31,Office Supplies,Pending,797,99.54,91.37,18.0,Yes,19,0.02258469259723965,0.08207755676110108,1,0,10.0,0
PO-00038,Beta_Supplies,2022-06-09,2022-06-27,Office Supplies,Pending,906,101.21,90.9,94.0,Yes,18,0.10375275938189846,0.10186740440667907,1,0,10.0,0
PO-00039,Epsilon_Group,2022-08-09,2022-08-23,Office Supplies,Delivered,1634,80.53,76.15,50.0,Yes,14,0.030599755201958383,0.054389668446541604,1,0,10.0,0
PO-00041,Beta_Supplies,2022-04-15,2022-04-27,Electronics,Delivered,1132,17.78,15.36,96.0,Yes,12,0.08480565371024736,0.13610798650168737,1,0,11.0,0
PO-00042,Beta_Supplies,2022-04-05,2022-04-14,Office Supplies,Delivered,560,81.14,77.87,34.0,No,9,0.060714285714285714,0.04030071481390185,0,0,10.0,1
PO-00043,Gamma_Co,2023-01-25,2023-02-02,Electronics,Delivered,1755,63.87,58.4,85.0,Yes,8,0.04843304843304843,0.08564271175825895,1,0,11.0,1
PO-00044,Epsilon_Group,2022-04-10,2022-04-17,MRO,Delivered,1549,48.9,42.42,48.0,Yes,7,0.030987734021949646,0.1325153374233128,1,0,12.0,1
PO-00045,Delta_Logistics,2023-01-03,2023-01-21,MRO,Delivered,749,97.07,94.16,123.0,Yes,18,0.16421895861148197,0.029978366127536796,1,0,12.0,0
PO-00047,Beta_Supplies,2023-09-11,2023-09-18,Raw Materials,Delivered,1856,59.77,50.81,191.0,Yes,7,0.10290948275862069,0.14990798059227037,1,0,10.5,1
PO-00048,Epsilon_Group,2022-09-28,2022-10-14,Office Supplies,Delivered,239,11.46,11.28,4.0,Yes,16,0.016736401673640166,0.01570680628272264,1,0,10.0,0
PO-00049,Delta_Logistics,2022-02-14,2022-03-05,Office Supplies,Pending,1007,52.44,46.06,167.0,Yes,19,0.16583912611717974,0.12166285278413416,1,0,10.0,0
PO-00051,Epsilon_Group,2023-07-04,2023-07-14,Electronics,Delivered,1007,22.56,19.59,0.0,Yes,10,0.0,0.13164893617021273,1,0,11.0,1
PO-00053,Alpha_Inc,2023-01-23,2023-02-02,MRO,Pending,1949,72.53,63.26,48.0,No,10,0.024628014366341714,0.1278091824072798,0,0,12.0,1
PO-00055,Beta_Supplies,2023-07-20,2023-08-07,Electronics,Delivered,1317,68.13,60.52,136.0,Yes,18,0.10326499620349279,0.11169822398356073,1,0,11.0,0
PO-00056,Epsilon_Group,2022-10-28,2022-10-30,Raw Materials,Delivered,881,100.94,95.05,30.0,Yes,2,0.0340522133938706,0.058351495938181105,1,0,10.5,1
PO-00058,Delta_Logistics,2023-09-26,2023-10-01,MRO,Delivered,1204,39.29,35.44,0.0,Yes,5,0.0,0.09798931025706291,1,0,12.0,1
PO-00059,Epsilon_Group,2023-01-06,2023-01-22,MRO,Pending,1558,93.46,91.27,39.0,Yes,16,0.02503209242618742,0.0234324844853413,1,0,12.0,0
PO-00060,Alpha_Inc,2023-08-15,2023-08-16,Packaging,Delivered,1892,32.99,28.81,35.0,Yes,1,0.01849894291754757,0.12670506214004254,1,0,11.0,1
PO-00061,Epsilon_Group,2022-07-16,2022-08-01,Packaging,Delivered,696,99.59,90.18,25.0,Yes,16,0.035919540229885055,0.09448739833316594,1,0,11.0,0
PO-00062,Delta_Logistics,2023-12-23,2024-01-03,MRO,Partially Delivered,70,12.37,11.04,10.0,Yes,11,0.14285714285714285,0.10751818916734035,1,0,12.0,1
PO-00063,Gamma_Co,2022-03-13,2022-03-15,Raw Materials,Delivered,890,98.26,93.14,49.0,Yes,2,0.0550561797752809,0.052106655811113414,1,0,10.5,1
PO-00064,Alpha_Inc,2022-02-16,2022-03-04,MRO,Delivered,216,13.95,12.31,5.0,Yes,16,0.023148148148148147,0.11756272401433683,1,0,12.0,0
PO-00065,Delta_Logistics,2023-11-09,2023-11-12,Packaging,Delivered,1347,100.13,94.3,200.0,Yes,3,0.14847809948032664,0.05822430839908118,1,0,11.0,1
PO-00066,Gamma_Co,2022-08-22,2022-08-25,Office Supplies,Partially Delivered,437,59.51,56.45,25.0,No,3,0.057208237986270026,0.0514199294236262,0,0,10.0,1
PO-00067,Alpha_Inc,2022-10-24,2022-10-26,Electronics,Delivered,650,103.84,88.28,12.0,Yes,2,0.018461538461538463,0.14984591679506937,1,0,11.0,1
PO-00068,Beta_Supplies,2022-03-23,2022-04-11,Office Supplies,Delivered,365,16.81,15.41,38.0,Yes,19,0.10410958904109589,0.08328375966686488,1,0,10.0,0
PO-00070,Alpha_Inc,2022-04-14,2022-04-22,MRO,Delivered,291,98.7,87.02,9.0,Yes,8,0.030927835051546393,0.11833839918946308,1,0,12.0,1
PO-00072,Delta_Logistics,2022-10-12,2022-11-01,Electronics,Pending,1419,69.64,59.28,194.0,Yes,20,0.13671599718111346,0.14876507754164273,1,0,11.0,0
PO-00073,Gamma_Co,2023-04-10,2023-04-27,Office Supplies,Delivered,614,78.06,73.95,40.0,Yes,17,0.06514657980456026,0.05265180630284396,1,0,10.0,0
PO-00074,Alpha_Inc,2023-10-13,2023-10-28,Electronics,Delivered,947,56.25,54.25,19.0,Yes,15,0.02006335797254488,0.035555555555555556,1,0,11.0,0
PO-00075,Epsilon_Group,2023-01-09,2023-01-28,Raw Materials,Delivered,1413,70.47,69.65,0.0,Yes,19,0.0,0.011636157230026865,1,0,10.5,0
PO-00077,Alpha_Inc,2023-01-15,2023-02-04,Office Supplies,Delivered,1440,96.57,83.87,36.0,Yes,20,0.025,0.13151082116599347,1,0,10.0,0
PO-00078,Delta_Logistics,2022-12-30,2023-01-03,Raw Materials,Delivered,1005,14.87,12.79,0.0,No,4,0.0,0.1398789509078682,0,0,10.5,1
PO-00080,Gamma_Co,2023-11-18,2023-11-25,MRO,Delivered,1501,106.05,100.99,77.0,No,7,0.051299133910726186,0.047713342762847735,0,0,12.0,1
PO-00081,Delta_Logistics,2022-10-01,2022-10-04,Packaging,Delivered,558,94.18,81.4,0.0,No,3,0.0,0.1356976003397749,0,0,11.0,1
PO-00082,Beta_Supplies,2023-12-20,2023-12-26,MRO,Delivered,825,56.88,50.84,0.0,Yes,6,0.0,0.1061884669479606,1,0,12.0,1
PO-00084,Delta_Logistics,2023-10-26,2023-11-10,Raw Materials,Delivered,255,38.64,33.59,27.0,No,15,0.10588235294117647,0.13069358178053822,0,0,10.5,0
PO-00085,Gamma_Co,2022-03-15,2022-03-31,MRO,Delivered,1154,27.2,26.07,58.0,Yes,16,0.05025996533795494,0.04154411764705879,1,0,12.0,0
PO-00086,Delta_Logistics,2023-09-16,2023-09-24,Office Supplies,Delivered,1635,56.91,54.37,262.0,No,8,0.1602446483180428,0.04463187489017746,0,0,10.0,1
PO-00087,Delta_Logistics,2023-10-13,2023-10-23,Raw Materials,Delivered,1945,46.19,40.12,278.0,No,10,0.1429305912596401,0.13141372591470016,0,0,10.5,1
PO-00088,Delta_Logistics,2022-06-25,2022-07-10,MRO,Partially Delivered,1461,64.09,63.39,228.0,No,15,0.15605749486652978,0.010922140739585003,0,0,12.0,0
PO-00089,Delta_Logistics,2023-07-01,2023-07-09,Electronics,Delivered,1075,18.53,16.12,147.0,Yes,8,0.13674418604651162,0.1300593631948192,1,0,11.0,1
PO-00091,Epsilon_Group,2022-06-17,2022-07-06,Packaging,Pending,1463,101.23,86.17,43.0,Yes,19,0.02939166097060834,0.14877012743257928,1,0,11.0,0
PO-00092,Beta_Supplies,2023-04-19,2023-04-26,Raw Materials,Delivered,615,78.3,73.68,69.0,Yes,7,0.11219512195121951,0.0590038314176244,1,0,10.5,1
PO-00093,Gamma_Co,2023-01-24,2023-02-11,Electronics,Delivered,1179,61.74,56.28,0.0,Yes,18,0.0,0.08843537414965988,1,0,11.0,0
PO-00094,Alpha_Inc,2022-10-04,2022-10-09,Electronics,Partially Delivered,1845,39.56,37.63,45.0,Yes,5,0.024390243902439025,0.04878665318503538,1,0,11.0,1
PO-00096,Epsilon_Group,2023-12-06,2023-12-09,MRO,Partially Delivered,1550,79.86,69.57,32.0,No,3,0.02064516129032258,0.12885048835462065,0,0,12.0,1
PO-00097,Delta_Logistics,2023-07-25,2023-08-04,Packaging,Delivered,752,26.85,24.37,0.0,No,10,0.0,0.09236499068901305,0,0,11.0,1
PO-00098,Epsilon_Group,2022-08-13,2022-09-01,Electronics,Delivered,451,95.2,90.07,21.0,Yes,19,0.04656319290465632,0.05388655462184884,1,0,11.0,0
PO-00100,Beta_Supplies,2022-11-29,2022-12-14,MRO,Pending,1629,100.26,86.44,187.0,No,15,0.11479435236341314,0.1378416118092959,0,0,12.0,0
PO-00101,Alpha_Inc,2022-02-27,2022-02-22,Office Supplies,Delivered,211,75.69,65.4,2.0,Yes,-5,0.009478672985781991,0.13594926674593727,1,1,10.0,1
PO-00103,Gamma_Co,2022-02-02,2022-02-18,Raw Materials,Delivered,1045,47.88,44.65,69.0,Yes,16,0.0660287081339713,0.06746031746031754,1,0,10.5,0
PO-00104,Delta_Logistics,2022-11-20,2022-12-10,MRO,Delivered,319,98.64,89.15,57.0,Yes,20,0.1786833855799373,0.09620843471208429,1,0,12.0,0
PO-00105,Epsilon_Group,2023-02-15,2023-03-01,Office Supplies,Partially Delivered,1936,93.66,92.24,58.0,Yes,14,0.029958677685950414,0.015161221439248364,1,0,10.0,0
PO-00107,Epsilon_Group,2022-03-09,2022-03-12,Electronics,Delivered,1344,12.5,10.87,44.0,Yes,3,0.03273809523809524,0.13040000000000007,1,0,11.0,1
PO-00108,Delta_Logistics,2022-08-05,2022-08-24,Raw Materials,Pending,505,45.42,40.37,62.0,Yes,19,0.12277227722772277,0.11118450022016742,1,0,10.5,0
PO-00109,Beta_Supplies,2023-08-04,2023-08-05,Packaging,Delivered,1535,90.83,78.28,151.0,No,1,0.098371335504886,0.13817020808103048,0,0,11.0,1
PO-00111,Delta_Logistics,2022-08-06,2022-08-15,Raw Materials,Pending,1325,24.36,22.75,206.0,Yes,9,0.15547169811320755,0.06609195402298848,1,0,10.5,1
PO-00112,Gamma_Co,2023-11-03,2023-11-09,Raw Materials,Delivered,1066,70.45,65.88,56.0,No,6,0.0525328330206379,0.06486870120652956,0,0,10.5,1
PO-00113,Beta_Supplies,2023-05-27,2023-06-11,Raw Materials,Delivered,1775,47.82,45.86,180.0,Yes,15,0.10140845070422536,0.04098703471350901,1,0,10.5,0
PO-00115,Beta_Supplies,2023-10-21,2023-11-09,Electronics,Delivered,1798,94.8,91.83,0.0,Yes,19,0.0,0.03132911392405062,1,0,11.0,0
PO-00116,Alpha_Inc,2023-04-15,2023-05-01,MRO,Delivered,769,91.86,86.55,17.0,Yes,16,0.022106631989596878,0.057805355976485985,1,0,12.0,0
PO-00118,Delta_Logistics,2022-09-29,2022-10-13,Packaging,Delivered,387,49.23,45.41,61.0,Yes,14,0.15762273901808785,0.07759496242128784,1,0,11.0,0
PO-00119,Epsilon_Group,2022-05-23,2022-05-27,MRO,Delivered,928,35.3,32.52,26.0,Yes,4,0.028017241379310345,0.07875354107648709,1,0,12.0,1
PO-00120,Alpha_Inc,2022-09-10,2022-09-21,Packaging,Partially Delivered,1126,15.68,14.97,27.0,Yes,11,0.023978685612788632,0.0452806122448979,1,0,11.0,1
PO-00122,Beta_Supplies,2023-07-06,2023-07-19,Electronics,Delivered,1995,90.65,77.75,206.0,Yes,13,0.10325814536340852,0.1423055708769995,1,0,11.0,0
PO-00123,Alpha_Inc,2022-09-27,2022-10-15,Raw Materials,Delivered,266,103.97,101.44,6.0,Yes,18,0.022556390977443608,0.024333942483408685,1,0,10.5,0
PO-00125,Epsilon_Group,2023-03-15,2023-03-26,Electronics,Delivered,237,64.19,59.01,7.0,Yes,11,0.029535864978902954,0.0806979280261723,1,0,11.0,1
PO-00127,Delta_Logistics,2023-02-13,2023-02-14,Packaging,Delivered,542,101.21,93.11,78.0,No,1,0.14391143911439114,0.08003161742910775,0,0,11.0,1
PO-00128,Epsilon_Group,2023-01-06,2023-01-24,Electronics,Delivered,1114,91.66,85.53,35.0,Yes,18,0.03141831238779174,0.06687759109753431,1,0,11.0,0
PO-00129,Alpha_Inc,2022-08-13,2022-08-15,MRO,Delivered,1230,33.39,30.85,26.0,Yes,2,0.02113821138211382,0.07607067984426473,1,0,12.0,1
PO-00130,Beta_Supplies,2022-05-22,2022-06-03,MRO,Delivered,64,51.56,50.88,5.0,Yes,12,0.078125,0.01318851823118696,1,0,12.0,1
PO-00131,Alpha_Inc,2023-06-06,2023-06-22,MRO,Delivered,1886,23.46,23.18,0.0,Yes,16,0.0,0.011935208866155206,1,0,12.0,0
PO-00132,Delta_Logistics,2023-05-21,2023-05-23,Office Supplies,Delivered,114,103.53,101.54,14.0,Yes,2,0.12280701754385964,0.019221481696126676,1,0,10.0,1
PO-00134,Beta_Supplies,2022-02-18,2022-02-28,Office Supplies,Pending,1912,30.73,29.82,191.0,Yes,10,0.09989539748953975,0.029612756264236907,1,0,10.0,1
PO-00135,Epsilon_Group,2022-04-23,2022-05-09,MRO,Delivered,570,71.51,66.47,0.0,Yes,16,0.0,0.07047965319535737,1,0,12.0,0
PO-00136,Beta_Supplies,2022-06-06,2022-06-26,Raw Materials,Delivered,1417,67.27,60.62,0.0,Yes,20,0.0,0.09885535900104057,1,0,10.5,0
PO-00137,Alpha_Inc,2023-10-05,2023-10-11,Raw Materials,Delivered,1202,46.67,44.13,21.0,No,6,0.01747088186356073,0.05442468395114633,0,0,10.5,1
PO-00138,Beta_Supplies,2022-06-13,2022-06-14,Office Supplies,Delivered,697,20.73,19.83,78.0,No,1,0.11190817790530846,0.04341534008683078,0,0,10.0,1
PO-00139,Epsilon_Group,2023-11-28,2023-12-01,MRO,Delivered,1545,78.19,76.91,42.0,Yes,3,0.027184466019417475,0.016370379843969832,1,0,12.0,1
PO-00140,Gamma_Co,2023-03-09,2023-03-13,MRO,Partially Delivered,1136,60.81,58.25,62.0,Yes,4,0.05457746478873239,0.04209833908896567,1,0,12.0,1
PO-00141,Beta_Supplies,2023-09-03,2023-09-07,MRO,Delivered,1212,87.46,74.55,118.0,No,4,0.09735973597359736,0.14761033615367022,0,0,12.0,1
PO-00142,Epsilon_Group,2022-03-07,2022-03-12,MRO,Delivered,1572,57.38,49.32,40.0,Yes,5,0.02544529262086514,0.14046706169397005,1,0,12.0,1
PO-00143,Gamma_Co,2023-01-30,2023-02-09,Electronics,Delivered,642,91.9,81.49,26.0,Yes,10,0.040498442367601244,0.11327529923830261,1,0,11.0,1
PO-00144,Epsilon_Group,2023-01-26,2023-02-04,Office Supplies,Delivered,441,63.25,54.12,16.0,Yes,9,0.036281179138321996,0.14434782608695657,1,0,10.0,1
PO-00145,Epsilon_Group,2023-09-03,2023-09-19,Office Supplies,Delivered,1748,66.53,57.11,0.0,Yes,16,0.0,0.14159026003306782,1,0,10.0,0
PO-00147,Beta_Supplies,2023-06-26,2023-07-14,Raw Materials,Delivered,338,50.25,46.28,49.0,No,18,0.14497041420118342,0.07900497512437808,0,0,10.5,0
PO-00148,Gamma_Co,2022-09-15,2022-09-22,Office Supplies,Delivered,428,22.94,21.52,26.0,Yes,7,0.06074766355140187,0.06190061028770713,1,0,10.0,1
PO-00150,Epsilon_Group,2022-01-12,2022-01-17,Office Supplies,Delivered,1563,77.96,70.8,41.0,Yes,5,0.026231605886116442,0.09184197024114928,1,0,10.0,1
PO-00151,Beta_Supplies,2023-11-28,2023-12-07,Office Supplies,Delivered,280,73.07,69.29,30.0,Yes,9,0.10714285714285714,0.0517312166415764,1,0,10.0,1
PO-00152,Delta_Logistics,2022-04-28,2022-05-12,Raw Materials,Delivered,1067,74.47,64.16,0.0,No,14,0.0,0.13844501141399224,0,0,10.5,0
PO-00153,Gamma_Co,2023-11-30,2023-12-17,Electronics,Pending,90,32.38,29.96,7.0,Yes,17,0.07777777777777778,0.07473749227918473,1,0,11.0,0
PO-00154,Gamma_Co,2023-07-04,2023-07-05,Raw Materials,Delivered,1101,24.28,22.73,59.0,No,1,0.053587647593097185,0.063838550247117,0,0,10.5,1
PO-00155,Alpha_Inc,2022-10-01,2022-10-11,Raw Materials,Delivered,184,11.82,10.51,4.0,Yes,10,0.021739130434782608,0.11082910321489006,1,0,10.5,1
PO-00156,Epsilon_Group,2023-10-19,2023-11-07,Electronics,Delivered,250,45.92,41.02,3.0,Yes,19,0.012,0.1067073170731707,1,0,11.0,0
PO-00158,Beta_Supplies,2022-04-25,2022-04-30,Electronics,Delivered,829,45.98,40.39,0.0,Yes,5,0.0,0.1215745976511526,1,0,11.0,1
PO-00159,Delta_Logistics,2022-10-28,2022-11-13,Raw Materials,Delivered,979,51.59,49.69,148.0,Yes,16,0.1511746680286006,0.03682884279899216,1,0,10.5,0
PO-00160,Epsilon_Group,2023-03-22,2023-04-09,Electronics,Partially Delivered,1106,97.77,90.45,31.0,Yes,18,0.02802893309222423,0.07486959189935556,1,0,11.0,0
PO-00161,Delta_Logistics,2022-06-11,2022-06-24,Office Supplies,Pending,1121,42.38,38.34,152.0,Yes,13,0.13559322033898305,0.09532798489853701,1,0,10.0,0
PO-00162,Alpha_Inc,2023-04-10,2023-04-21,Office Supplies,Delivered,552,60.48,56.78,10.0,Yes,11,0.018115942028985508,0.06117724867724861,1,0,10.0,0
PO-00163,Gamma_Co,2022-01-04,2022-01-12,Packaging,Delivered,456,80.53,77.86,26.0,Yes,8,0.05701754385964912,0.03315534583385076,1,0,11.0,1
PO-00164,Delta_Logistics,2022-09-27,2022-10-05,Packaging,Delivered,1647,47.52,44.92,0.0,Yes,8,0.0,0.05471380471380474,1,0,11.0,1
PO-00165,Epsilon_Group,2023-05-28,2023-06-11,Electronics,Pending,1801,71.27,61.24,43.0,Yes,14,0.02387562465297057,0.14073242598568816,1,0,11.0,0
PO-00166,Gamma_Co,2022-07-02,2022-07-18,Electronics,Delivered,854,90.24,85.53,0.0,Yes,16,0.0,0.052194148936170144,1,0,11.0,0
PO-00167,Delta_Logistics,2023-06-04,2023-06-17,Electronics,Delivered,148,103.57,98.62,23.0,No,13,0.1554054054054054,0.04779376267258848,0,0,11.0,0
PO-00168,Delta_Logistics,2022-04-19,2022-04-24,MRO,Delivered,733,23.59,22.85,92.0,Yes,5,0.12551159618008187,0.03136922424756246,1,0,12.0,1
PO-00169,Beta_Supplies,2023-10-03,2023-10-05,Raw Materials,Delivered,1945,103.2,88.56,0.0,Yes,2,0.0,0.14186046511627906,1,0,10.5,1
PO-00170,Gamma_Co,2022-11-02,2022-11-21,Raw Materials,Delivered,775,57.0,49.14,48.0,Yes,19,0.06193548387096774,0.13789473684210526,1,0,10.5,0
PO-00171,Delta_Logistics,2023-10-17,2023-10-21,Packaging,Delivered,1620,36.73,33.45,235.0,No,4,0.14506172839506173,0.08930029948271152,0,0,11.0,1
PO-00172,Beta_Supplies,2023-06-04,2023-06-19,Office Supplies,Delivered,1010,55.68,50.86,0.0,Yes,15,0.0,0.086566091954023,1,0,10.0,0
PO-00173,Epsilon_Group,2023-09-16,2023-10-01,Office Supplies,Delivered,1812,108.02,101.02,51.0,Yes,15,0.028145695364238412,0.06480281429364933,1,0,10.0,0
PO-00174,Delta_Logistics,2022-07-23,2022-07-28,Office Supplies,Delivered,662,55.97,50.0,100.0,Yes,5,0.1510574018126888,0.10666428443809181,1,0,10.0,1
PO-00175,Beta_Supplies,2022-06-06,2022-06-11,Office Supplies,Pending,1535,40.58,38.71,165.0,Yes,5,0.10749185667752444,0.046081813701330646,1,0,10.0,1
PO-00176,Beta_Supplies,2023-01-18,2023-01-27,Raw Materials,Delivered,692,71.03,67.74,70.0,Yes,9,0.10115606936416185,0.04631845699000431,1,0,10.5,1
PO-00177,Gamma_Co,2022-06-15,2022-06-28,MRO,Delivered,1842,32.4,28.08,96.0,Yes,13,0.05211726384364821,0.13333333333333336,1,0,12.0,0
PO-00179,Delta_Logistics,2023-06-28,2023-07-16,Packaging,Delivered,1291,23.44,22.23,0.0,Yes,18,0.0,0.051621160409556346,1,0,11.0,0
PO-00180,Alpha_Inc,2022-01-01,2022-01-12,Electronics,Delivered,552,21.52,18.79,13.0,Yes,11,0.02355072463768116,0.1268587360594796,1,0,11.0,1
PO-00181,Epsilon_Group,2023-09-06,2023-09-22,Electronics,Delivered,816,26.04,25.61,28.0,Yes,16,0.03431372549019608,0.01651305683563747,1,0,11.0,0
PO-00182,Delta_Logistics,2022-11-28,2022-11-30,Packaging,Delivered,447,23.62,21.81,50.0,Yes,2,0.11185682326621924,0.07662997459779856,1,0,11.0,1
PO-00183,Delta_Logistics,2023-05-16,2023-05-24,Packaging,Partially Delivered,920,73.09,70.14,0.0,Yes,8,0.0,0.04036119852236972,1,0,11.0,1
PO-00184,Epsilon_Group,2022-01-20,2022-01-30,Packaging,Partially Delivered,844,26.37,25.08,38.0,Yes,10,0.045023696682464455,0.04891922639362922,1,0,11.0,1
PO-00188,Beta_Supplies,2022-09-03,2022-09-07,Office Supplies,Delivered,1931,72.88,64.69,187.0,Yes,4,0.09684101501812532,0.11237650933040612,1,0,10.0,1
PO-00189,Gamma_Co,2022-03-01,2022-03-11,Electronics,Delivered,1627,25.76,25.09,74.0,Yes,10,0.04548248309772587,0.0260093167701864,1,0,11.0,1
PO-00191,Gamma_Co,2023-08-04,2023-08-06,MRO,Delivered,1534,14.98,12.79,0.0,Yes,2,0.0,0.14619492656875843,1,0,12.0,1
PO-00192,Alpha_Inc,2022-03-22,2022-04-03,Raw Materials,Delivered,1764,25.46,24.52,46.0,Yes,12,0.026077097505668934,0.036920659858601775,1,0,10.5,0
PO-00193,Delta_Logistics,2022-03-29,2022-04-06,Electronics,Delivered,1648,35.42,31.46,0.0,No,8,0.0,0.11180124223602486,0,0,11.0,1
PO-00194,Gamma_Co,2023-05-13,2023-06-01,Packaging,Delivered,913,28.01,24.06,53.0,Yes,19,0.05805038335158817,0.14102106390574803,1,0,11.0,0
PO-00196,Epsilon_Group,2023-06-30,2023-07-03,Office Supplies,Partially Delivered,1314,22.63,21.06,44.0,Yes,3,0.0334855403348554,0.0693769332744145,1,0,10.0,1
PO-00197,Beta_Supplies,2022-05-09,2022-05-22,MRO,Delivered,613,52.5,45.19,70.0,Yes,13,0.11419249592169657,0.13923809523809527,1,0,12.0,0
PO-00198,Alpha_Inc,2022-05-12,2022-05-20,Office Supplies,Delivered,1070,29.14,26.63,24.0,Yes,8,0.022429906542056073,0.08613589567604672,1,0,10.0,1
PO-00199,Gamma_Co,2023-11-07,2023-11-26,Raw Materials,Partially Delivered,145,47.49,42.76,6.0,Yes,19,0.041379310344827586,0.0995999157717415,1,0,10.5,0
PO-00200,Delta_Logistics,2023-05-02,2023-05-17,Raw Materials,Delivered,1973,59.73,54.95,291.0,Yes,15,0.14749113025848962,0.08002678720910755,1,0,10.5,0
PO-00201,Epsilon_Group,2023-07-17,2023-08-01,Office Supplies,Delivered,1807,78.63,73.08,100.0,Yes,15,0.05534034311012728,0.07058374666157952,1,0,10.0,0
PO-00202,Epsilon_Group,2022-06-19,2022-06-20,Electronics,Delivered,534,13.88,12.51,100.0,Yes,1,0.18726591760299627,0.09870317002881851,1,0,11.0,1
PO-00203,Alpha_Inc,2022-09-29,2022-10-14,Electronics,Delivered,1480,85.22,75.48,100.0,Yes,15,0.06756756756756757,0.1142924196198075,1,0,11.0,0
PO-00206,Epsilon_Group,2023-03-10,2023-03-22,Electronics,Delivered,1728,94.83,90.2,100.0,Yes,12,0.05787037037037037,0.048824211747337296,1,0,11.0,0
PO-00208,Beta_Supplies,2023-07-07,2023-07-21,Office Supplies,Delivered,590,16.89,15.56,46.0,No,14,0.07796610169491526,0.07874481941977501,0,0,10.0,0
PO-00209,Delta_Logistics,2023-12-08,2023-12-23,Packaging,Delivered,1109,38.93,33.33,152.0,Yes,15,0.13706041478809738,0.14384793218597486,1,0,11.0,0
PO-00210,Beta_Supplies,2022-07-25,2022-08-01,MRO,Delivered,574,85.03,82.55,54.0,Yes,7,0.09407665505226481,0.02916617664353762,1,0,12.0,1
PO-00212,Gamma_Co,2022-11-16,2022-11-20,Packaging,Delivered,1912,27.94,25.59,83.0,No,4,0.043410041841004186,0.08410880458124557,0,0,11.0,1
PO-00213,Alpha_Inc,2023-02-13,2023-03-04,Packaging,Delivered,1772,30.72,27.76,46.0,No,19,0.025959367945823927,0.09635416666666659,0,0,11.0,0
PO-00214,Beta_Supplies,2023-11-19,2023-11-29,Office Supplies,Delivered,1316,48.11,41.9,135.0,Yes,10,0.10258358662613981,0.1290791935148618,1,0,10.0,1
PO-00216,Alpha_Inc,2023-01-18,2023-01-31,Office Supplies,Delivered,1869,69.58,67.5,31.0,Yes,13,0.01658640984483681,0.029893647599885,1,0,10.0,0
PO-00217,Delta_Logistics,2023-03-25,2023-04-13,Packaging,Delivered,627,46.23,42.87,0.0,Yes,19,0.0,0.072680077871512,1,0,11.0,0
PO-00218,Beta_Supplies,2023-06-14,2023-06-16,Raw Materials,Pending,731,56.02,54.78,70.0,No,2,0.09575923392612859,0.02213495180292756,0,0,10.5,1
PO-00220,Beta_Supplies,2022-05-04,2022-05-14,Office Supplies,Delivered,1647,13.57,12.33,157.0,Yes,10,0.09532483302975106,0.0913780397936625,1,0,10.0,1
PO-00221,Delta_Logistics,2022-09-11,2022-09-19,MRO,Delivered,1062,34.03,30.46,0.0,Yes,8,0.0,0.10490743461651485,1,0,12.0,1
PO-00222,Beta_Supplies,2022-08-19,2022-08-31,Office Supplies,Delivered,695,76.8,69.76,0.0,No,12,0.0,0.09166666666666656,0,0,10.0,0
PO-00223,Epsilon_Group,2022-03-07,2022-03-14,MRO,Delivered,845,91.47,86.97,0.0,Yes,7,0.0,0.04919645785503444,1,0,12.0,1
PO-00224,Gamma_Co,2022-12-13,2022-12-18,MRO,Delivered,1101,59.13,52.51,54.0,Yes,5,0.04904632152588556,0.11195670556401158,1,0,12.0,1
PO-00225,Gamma_Co,2022-01-22,2022-01-24,Raw Materials,Delivered,1693,57.89,49.84,88.0,Yes,2,0.05197873597164796,0.1390568319226118,1,0,10.5,1
PO-00227,Delta_Logistics,2023-07-22,2023-08-03,Raw Materials,Delivered,1413,54.79,50.42,0.0,Yes,12,0.0,0.07975908012411019,1,0,10.5,0
PO-00228,Epsilon_Group,2022-08-24,2022-08-27,Packaging,Delivered,1871,59.96,58.54,47.0,Yes,3,0.02512025654730091,0.023682454969980015,1,0,11.0,1
PO-00230,Gamma_Co,2022-08-14,2022-08-28,Electronics,Delivered,1713,35.43,34.11,74.0,Yes,14,0.04319906596614127,0.03725656223539374,1,0,11.0,0
PO-00231,Gamma_Co,2022-01-08,2022-01-13,Electronics,Delivered,1579,43.96,43.41,74.0,Yes,5,0.046865104496516784,0.012511373976342227,1,0,11.0,1
PO-00232,Gamma_Co,2022-03-14,2022-03-26,Electronics,Delivered,1421,11.92,11.72,76.0,Yes,12,0.05348346235045742,0.016778523489932827,1,0,11.0,0
PO-00233,Epsilon_Group,2023-12-26,2024-01-04,MRO,Delivered,1546,43.47,37.37,53.0,Yes,9,0.03428201811125485,0.14032666206579253,1,0,12.0,1
PO-00234,Delta_Logistics,2023-10-09,2023-10-18,Electronics,Delivered,1304,32.08,29.36,0.0,Yes,9,0.0,0.084788029925187,1,0,11.0,1
PO-00238,Gamma_Co,2022-02-02,2022-02-13,MRO,Delivered,1450,63.74,59.11,71.0,Yes,11,0.04896551724137931,0.07263884530906813,1,0,12.0,1
PO-00239,Beta_Supplies,2022-12-05,2022-12-20,Electronics,Delivered,1356,75.03,63.86,131.0,Yes,15,0.09660766961651918,0.14887378381980543,1,0,11.0,0
PO-00241,Gamma_Co,2023-06-11,2023-06-19,Packaging,Delivered,677,59.52,55.29,39.0,Yes,8,0.05760709010339734,0.07106854838709684,1,0,11.0,1
PO-00242,Delta_Logistics,2022-09-01,2022-09-14,Office Supplies,Delivered,1022,18.54,16.55,150.0,Yes,13,0.14677103718199608,0.10733549083063638,1,0,10.0,0
PO-00244,Epsilon_Group,2023-11-17,2023-11-29,Electronics,Delivered,1332,69.73,63.8,41.0,Yes,12,0.03078078078078078,0.0850423060375736,1,0,11.0,0
PO-00245,Beta_Supplies,2023-05-13,2023-05-26,Raw Materials,Delivered,1432,83.26,77.67,174.0,Yes,13,0.12150837988826815,0.06713908239250545,1,0,10.5,0
PO-00246,Beta_Supplies,2022-08-08,2022-08-26,Packaging,Pending,759,50.56,46.47,63.0,No,18,0.08300395256916997,0.08089398734177222,0,0,11.0,0
PO-00247,Alpha_Inc,2023-07-07,2023-07-19,Packaging,Delivered,1529,23.42,22.44,30.0,Yes,12,0.01962066710268149,0.041844577284372346,1,0,11.0,0
PO-00248,Gamma_Co,2022-05-16,2022-05-25,Electronics,Delivered,1484,36.25,31.8,61.0,Yes,9,0.04110512129380054,0.12275862068965515,1,0,11.0,1
PO-00249,Epsilon_Group,2023-08-08,2023-08-20,Packaging,Delivered,698,46.73,45.61,15.0,Yes,12,0.02148997134670487,0.023967472715600204,1,0,11.0,0
PO-00250,Epsilon_Group,2023-08-14,2023-08-22,Packaging,Pending,367,74.61,71.36,13.0,Yes,8,0.035422343324250684,0.04355984452486262,1,0,11.0,1
PO-00251,Epsilon_Group,2023-04-30,2023-05-20,Office Supplies,Partially Delivered,1750,65.97,58.34,50.0,Yes,20,0.02857142857142857,0.11565863271183864,1,0,10.0,0
PO-00252,Delta_Logistics,2022-09-06,2022-09-24,Office Supplies,Partially Delivered,1298,43.73,37.21,0.0,No,18,0.0,0.1490967299336839,0,0,10.0,0
PO-00253,Gamma_Co,2023-04-30,2023-05-20,Packaging,Delivered,1892,106.2,96.37,93.0,Yes,20,0.04915433403805497,0.09256120527306966,1,0,11.0,0
PO-00254,Beta_Supplies,2023-02-21,2023-02-24,Electronics,Delivered,1307,68.71,60.64,141.0,Yes,3,0.10788064269319052,0.11745015281618387,1,0,11.0,1
PO-00255,Beta_Supplies,2022-07-14,2022-07-29,Electronics,Delivered,733,32.29,29.01,78.0,Yes,15,0.10641200545702592,0.1015794363580055,1,0,11.0,0
PO-00257,Beta_Supplies,2022-04-10,2022-04-24,Packaging,Delivered,1900,24.11,23.45,188.0,Yes,14,0.09894736842105263,0.02737453338863543,1,0,11.0,0
PO-00260,Beta_Supplies,2022-12-29,2023-01-14,Office Supplies,Delivered,1681,28.26,26.62,143.0,Yes,16,0.08506841165972635,0.05803255484784149,1,0,10.0,0
PO-00261,Delta_Logistics,2023-03-10,2023-03-18,Electronics,Delivered,1545,38.15,36.96,214.0,Yes,8,0.13851132686084142,0.03119266055045866,1,0,11.0,1
PO-00262,Epsilon_Group,2023-02-25,2023-03-02,Raw Materials,Delivered,1306,27.27,25.96,39.0,Yes,5,0.02986217457886677,0.04803813714704799,1,0,10.5,1
PO-00263,Gamma_Co,2023-04-24,2023-05-06,Raw Materials,Delivered,1765,97.51,84.3,65.0,Yes,12,0.036827195467422094,0.13547328479130352,1,0,10.5,0
PO-00265,Delta_Logistics,2023-11-21,2023-11-26,Packaging,Delivered,1903,63.5,56.09,254.0,Yes,5,0.13347346295323173,0.11669291338582671,1,0,11.0,1
PO-00266,Delta_Logistics,2023-11-01,2023-11-05,MRO,Delivered,1570,52.1,47.87,0.0,No,4,0.0,0.08119001919385804,0,0,12.0,1
PO-00267,Delta_Logistics,2023-10-24,2023-11-13,MRO,Delivered,491,108.75,93.35,0.0,No,20,0.0,0.1416091954022989,0,0,12.0,0
PO-00268,Beta_Supplies,2022-04-11,2022-04-20,Electronics,Partially Delivered,613,20.38,20.17,58.0,Yes,9,0.09461663947797716,0.0103042198233561,1,0,11.0,1
PO-00269,Gamma_Co,2022-03-04,2022-03-16,Raw Materials,Partially Delivered,1341,46.27,43.94,63.0,Yes,12,0.04697986577181208,0.05035660255024865,1,0,10.5,0
PO-00270,Beta_Supplies,2023-02-17,2023-03-04,MRO,Partially Delivered,1583,103.57,89.38,164.0,Yes,15,0.10360075805432722,0.13700878632808727,1,0,12.0,0
PO-00272,Epsilon_Group,2022-04-22,2022-04-26,MRO,Delivered,1459,84.79,82.72,47.0,Yes,4,0.03221384509938314,0.02441325628022181,1,0,12.0,1
PO-00274,Beta_Supplies,2022-07-16,2022-07-28,Packaging,Partially Delivered,1186,26.14,24.78,112.0,Yes,12,0.09443507588532883,0.05202754399387909,1,0,11.0,0
PO-00275,Epsilon_Group,2022-07-14,2022-07-23,MRO,Pending,1686,72.28,65.21,53.0,Yes,9,0.03143534994068802,0.09781405644715008,1,0,12.0,1
PO-00276,Alpha_Inc,2023-07-04,2023-07-08,MRO,Delivered,1698,102.07,100.69,28.0,Yes,4,0.016489988221436984,0.013520133241892775,1,0,12.0,1
PO-00278,Alpha_Inc,2022-05-24,2022-05-27,Office Supplies,Delivered,1154,62.67,54.11,25.0,Yes,3,0.021663778162911613,0.13658847933620555,1,0,10.0,1
PO-00281,Alpha_Inc,2022-10-13,2022-10-24,Packaging,Delivered,51,28.04,24.13,0.0,Yes,11,0.0,0.13944365192582026,1,0,11.0,1
PO-00282,Delta_Logistics,2023-04-19,2023-04-24,Office Supplies,Delivered,691,42.07,39.1,106.0,Yes,5,0.15340086830680175,0.07059662467316374,1,0,10.0,1
PO-00283,Beta_Supplies,2022-09-13,2022-09-20,Office Supplies,Delivered,269,50.22,45.75,32.0,No,7,0.11895910780669144,0.08900836320191156,0,0,10.0,1
PO-00284,Beta_Supplies,2022-03-19,2022-04-06,Electronics,Pending,1639,56.24,55.4,147.0,Yes,18,0.0896888346552776,0.014935988620199207,1,0,11.0,0
PO-00285,Alpha_Inc,2023-03-30,2023-04-06,Raw Materials,Delivered,904,34.04,30.06,26.0,Yes,7,0.028761061946902654,0.11692126909518215,1,0,10.5,1
PO-00286,Beta_Supplies,2023-07-18,2023-07-26,Office Supplies,Delivered,1809,22.17,19.65,0.0,Yes,8,0.0,0.11366711772665777,1,0,10.0,1
PO-00287,Alpha_Inc,2022-04-11,2022-04-16,Packaging,Delivered,1298,65.93,58.95,0.0,Yes,5,0.0,0.10586986197482183,1,0,11.0,1
PO-00288,Beta_Supplies,2022-02-21,2022-03-13,Packaging,Delivered,434,36.16,34.79,41.0,Yes,20,0.0944700460829493,0.037887168141592854,1,0,11.0,0
PO-00289,Epsilon_Group,2023-10-30,2023-11-04,Electronics,Delivered,1476,68.85,65.28,43.0,Yes,5,0.029132791327913278,0.05185185185185176,1,0,11.0,1
PO-00291,Gamma_Co,2022-01-16,2022-01-22,Packaging,Delivered,1203,53.3,47.68,49.0,Yes,6,0.040731504571903575,0.10544090056285174,1,0,11.0,1
PO-00292,Alpha_Inc,2022-04-06,2022-04-07,Electronics,Delivered,1126,58.8,52.22,0.0,Yes,1,0.0,0.11190476190476188,1,0,11.0,1
PO-00293,Epsilon_Group,2022-08-31,2022-09-12,Packaging,Delivered,1757,15.18,13.06,63.0,Yes,12,0.035856573705179286,0.13965744400527005,1,0,11.0,0
PO-00294,Epsilon_Group,2022-06-20,2022-06-28,MRO,Delivered,779,41.3,36.28,20.0,Yes,8,0.025673940949935817,0.121549636803874,1,0,12.0,1
PO-00295,Delta_Logistics,2023-02-21,2023-02-22,Office Supplies,Delivered,1745,23.53,22.57,282.0,No,1,0.16160458452722062,0.0407989800254994,0,0,10.0,1
PO-00296,Delta_Logistics,2023-05-13,2023-05-15,Raw Materials,Delivered,1783,16.96,15.8,295.0,Yes,2,0.16545148625911385,0.06839622641509434,1,0,10.5,1
PO-00297,Alpha_Inc,2023-05-08,2023-05-22,Office Supplies,Partially Delivered,1489,107.02,93.3,0.0,Yes,14,0.0,0.12820033638572229,1,0,10.0,0
PO-00298,Alpha_Inc,2022-08-07,2022-08-10,Office Supplies,Delivered,296,40.38,35.25,0.0,Yes,3,0.0,0.1270430906389302,1,0,10.0,1
PO-00299,Epsilon_Group,2023-02-15,2023-02-27,MRO,Delivered,885,88.28,80.8,31.0,Yes,12,0.03502824858757062,0.08473040326234713,1,0,12.0,1
PO-00300,Epsilon_Group,2022-03-02,2022-03-06,Raw Materials,Pending,1512,33.25,30.15,53.0,Yes,4,0.03505291005291005,0.09323308270676696,1,0,10.5,1
PO-00301,Delta_Logistics,2022-06-18,2022-06-26,Office Supplies,Delivered,252,73.12,67.64,0.0,No,8,0.0,0.07494529540481405,0,0,10.0,1
PO-00303,Alpha_Inc,2022-01-03,2022-01-20,Packaging,Delivered,172,63.61,55.92,4.0,Yes,17,0.023255813953488372,0.12089294136142112,1,0,11.0,0
PO-00304,Epsilon_Group,2023-02-04,2023-02-05,Packaging,Pending,450,55.85,49.88,9.0,Yes,1,0.02,0.10689346463742164,1,0,11.0,1
PO-00305,Gamma_Co,2022-09-29,2022-10-15,Electronics,Delivered,816,48.95,43.42,45.0,Yes,16,0.05514705882352941,0.11297242083758939,1,0,11.0,0
PO-00306,Epsilon_Group,2023-04-11,2023-04-25,Packaging,Delivered,343,44.5,38.57,7.0,Yes,14,0.02040816326530612,0.13325842696629212,1,0,11.0,0
PO-00307,Gamma_Co,2022-10-20,2022-11-05,MRO,Delivered,329,97.87,85.35,21.0,No,16,0.06382978723404255,0.12792479820169622,0,0,12.0,0
PO-00308,Alpha_Inc,2023-03-10,2023-03-25,Electronics,Delivered,1910,90.69,85.8,0.0,Yes,15,0.0,0.0539199470724446,1,0,11.0,0
PO-00309,Epsilon_Group,2023-12-15,2023-12-18,MRO,Delivered,933,107.99,104.29,29.0,Yes,3,0.031082529474812434,0.0342624317066394,1,0,12.0,1
PO-00310,Delta_Logistics,2023-07-24,2023-07-29,Raw Materials,Delivered,1683,23.09,21.88,253.0,Yes,5,0.1503267973856209,0.05240363793850155,1,0,10.5,1
PO-00311,Beta_Supplies,2023-11-09,2023-11-18,Packaging,Pending,247,84.11,71.97,0.0,Yes,9,0.0,0.1443347996671026,1,0,11.0,1
PO-00312,Alpha_Inc,2023-05-14,2023-06-02,MRO,Delivered,1031,102.01,98.65,0.0,Yes,19,0.0,0.032937947260072535,1,0,12.0,0
PO-00313,Alpha_Inc,2022-06-08,2022-06-19,Packaging,Delivered,1980,26.97,24.16,41.0,Yes,11,0.02070707070707071,0.10418984056358913,1,0,11.0,1
PO-00314,Epsilon_Group,2022-07-14,2022-08-03,Raw Materials,Delivered,1584,16.46,14.2,57.0,Yes,20,0.03598484848484849,0.1373025516403403,1,0,10.5,0
PO-00315,Beta_Supplies,2022-10-31,2022-11-15,Office Supplies,Delivered,801,80.15,70.91,0.0,Yes,15,0.0,0.11528384279475994,1,0,10.0,0
PO-00316,Beta_Supplies,2022-08-11,2022-08-25,Packaging,Delivered,193,63.86,57.46,0.0,Yes,14,0.0,0.1002192295646727,1,0,11.0,0
PO-00317,Beta_Supplies,2022-03-01,2022-03-05,Raw Materials,Delivered,658,86.62,79.85,72.0,Yes,4,0.1094224924012158,0.07815746940660367,1,0,10.5,1
PO-00318,Epsilon_Group,2023-08-17,2023-09-04,Electronics,Delivered,1274,24.72,23.36,37.0,Yes,18,0.029042386185243328,0.05501618122977344,1,0,11.0,0
PO-00319,Epsilon_Group,2023-07-10,2023-07-17,Packaging,Partially Delivered,1197,88.92,78.82,31.0,Yes,7,0.025898078529657476,0.11358524516419263,1,0,11.0,1
PO-00320,Gamma_Co,2022-03-04,2022-03-12,Electronics,Delivered,236,28.43,28.11,11.0,Yes,8,0.046610169491525424,0.011255715793176232,1,0,11.0,1
PO-00321,Gamma_Co,2022-11-18,2022-12-03,Raw Materials,Partially Delivered,1399,25.97,22.19,62.0,Yes,15,0.04431736954967834,0.14555256064690017,1,0,10.5,0
PO-00322,Gamma_Co,2022-02-28,2022-03-04,Electronics,Delivered,513,24.91,22.58,29.0,Yes,4,0.056530214424951264,0.09353673223604986,1,0,11.0,1
PO-00323,Delta_Logistics,2022-02-21,2022-03-04,MRO,Delivered,1422,83.73,76.47,198.0,Yes,11,0.13924050632911392,0.08670727337871736,1,0,12.0,1
PO-00324,Alpha_Inc,2023-08-22,2023-09-03,Office Supplies,Delivered,1844,76.51,73.05,0.0,Yes,12,0.0,0.04522284668670772,1,0,10.0,0
PO-00326,Delta_Logistics,2023-05-30,2023-06-15,MRO,Delivered,813,45.68,41.78,0.0,No,16,0.0,0.08537653239929945,0,0,12.0,0
PO-00327,Delta_Logistics,2023-06-28,2023-07-01,Office Supplies,Delivered,1004,96.51,92.9,146.0,No,3,0.1454183266932271,0.03740545021241321,0,0,10.0,1
PO-00328,Epsilon_Group,2022-06-11,2022-06-15,Raw Materials,Delivered,452,46.45,40.39,9.0,Yes,4,0.01991150442477876,0.13046286329386442,1,0,10.5,1
PO-00329,Beta_Supplies,2022-02-28,2022-03-12,Raw Materials,Pending,1419,83.91,71.46,137.0,Yes,12,0.09654686398872446,0.14837325706113696,1,0,10.5,0
PO-00330,Beta_Supplies,2023-06-05,2023-06-23,Packaging,Delivered,1584,53.73,51.92,167.0,No,18,0.10542929292929293,0.033686953284943144,0,0,11.0,0
PO-00331,Gamma_Co,2022-03-24,2022-04-11,MRO,Pending,196,44.36,43.81,6.0,Yes,18,0.030612244897959183,0.01239855725879164,1,0,12.0,0
PO-00332,Alpha_Inc,2022-07-10,2022-07-14,Office Supplies,Delivered,1221,53.19,46.18,29.0,Yes,4,0.02375102375102375,0.13179169016732464,1,0,10.0,1
PO-00333,Alpha_Inc,2022-03-12,2022-03-26,Packaging,Delivered,913,37.5,36.2,0.0,Yes,14,0.0,0.03466666666666659,1,0,11.0,0
PO-00334,Alpha_Inc,2023-09-02,2023-09-04,Packaging,Delivered,1784,85.01,76.69,37.0,Yes,2,0.020739910313901346,0.09787083872485598,1,0,11.0,1
PO-00336,Delta_Logistics,2023-11-23,2023-12-05,Electronics,Pending,538,34.3,32.25,84.0,No,12,0.15613382899628253,0.05976676384839642,0,0,11.0,0
PO-00337,Delta_Logistics,2022-08-29,2022-09-15,Office Supplies,Pending,978,94.15,87.7,149.0,No,17,0.1523517382413088,0.06850770047796073,0,0,10.0,0
PO-00339,Delta_Logistics,2022-05-03,2022-05-07,Raw Materials,Pending,600,60.1,57.92,95.0,No,4,0.15833333333333333,0.036272878535773705,0,0,10.5,1
PO-00340,Alpha_Inc,2023-08-07,2023-08-25,Electronics,Pending,387,100.28,85.54,5.0,Yes,18,0.012919896640826873,0.1469884323893099,1,0,11.0,0
PO-00341,Alpha_Inc,2022-09-10,2022-09-19,MRO,Pending,921,68.83,59.13,22.0,Yes,9,0.023887079261672096,0.14092692140055202,1,0,12.0,1
PO-00342,Beta_Supplies,2023-08-16,2023-08-30,MRO,Delivered,690,22.47,21.94,77.0,Yes,14,0.11159420289855072,0.023587004895416003,1,0,12.0,0
PO-00344,Delta_Logistics,2022-02-10,2022-02-28,Electronics,Delivered,522,66.83,58.01,74.0,Yes,18,0.1417624521072797,0.1319766571898848,1,0,11.0,0
PO-00345,Delta_Logistics,2023-09-27,2023-10-06,Electronics,Delivered,200,44.16,43.13,21.0,Yes,9,0.105,0.023324275362318708,1,0,11.0,1
PO-00346,Gamma_Co,2022-03-25,2022-04-03,Packaging,Delivered,1488,22.76,21.99,0.0,Yes,9,0.0,0.03383128295254847,1,0,11.0,1
PO-00347,Epsilon_Group,2023-03-06,2023-03-16,Electronics,Delivered,1371,87.16,78.13,43.0,Yes,10,0.031363967906637494,0.10360256998623224,1,0,11.0,1
PO-00349,Epsilon_Group,2023-08-21,2023-08-27,Electronics,Delivered,312,63.52,58.09,0.0,Yes,6,0.0,0.08548488664987405,1,0,11.0,1
PO-00351,Beta_Supplies,2023-06-20,2023-06-23,MRO,Delivered,193,87.86,81.74,21.0,Yes,3,0.10880829015544041,0.06965627134076946,1,0,12.0,1
PO-00352,Beta_Supplies,2022-11-20,2022-11-21,Electronics,Delivered,395,24.83,23.96,31.0,Yes,1,0.07848101265822785,0.03503826016915012,1,0,11.0,1
PO-00355,Gamma_Co,2023-11-17,2023-11-23,Packaging,Delivered,1645,85.42,80.78,73.0,No,6,0.04437689969604863,0.054319831421212834,0,0,11.0,1
PO-00356,Alpha_Inc,2022-11-18,2022-11-29,Electronics,Delivered,930,13.67,11.95,16.0,Yes,11,0.017204301075268817,0.12582297000731535,1,0,11.0,1
PO-00357,Alpha_Inc,2022-09-02,2022-09-21,Office Supplies,Delivered,51,63.74,56.1,0.0,Yes,19,0.0,0.11986193912770632,1,0,10.0,0
PO-00358,Gamma_Co,2022-09-29,2022-10-01,Packaging,Delivered,946,81.77,71.65,55.0,Yes,2,0.05813953488372093,0.12376177082059424,1,0,11.0,1
PO-00359,Epsilon_Group,2023-02-10,2023-03-02,Raw Materials,Partially Delivered,1377,94.69,84.2,0.0,Yes,20,0.0,0.1107825535959446,1,0,10.5,0
PO-00361,Alpha_Inc,2023-11-19,2023-12-03,Raw Materials,Delivered,1725,93.14,79.62,24.0,Yes,14,0.01391304347826087,0.1451578269272063,1,0,10.5,0
PO-00363,Gamma_Co,2022-11-04,2022-11-11,Packaging,Delivered,1110,90.49,80.03,61.0,Yes,7,0.054954954954954956,0.11559288319151281,1,0,11.0,1
PO-00364,Alpha_Inc,2023-04-14,2023-04-18,Packaging,Delivered,1233,23.08,20.57,0.0,Yes,4,0.0,0.1087521663778162,1,0,11.0,1
PO-00365,Beta_Supplies,2022-11-20,2022-11-24,Office Supplies,Delivered,1064,48.04,43.6,94.0,Yes,4,0.08834586466165413,0.09242298084929221,1,0,10.0,1
PO-00366,Epsilon_Group,2022-03-16,2022-04-04,Packaging,Partially Delivered,58,82.57,76.55,0.0,Yes,19,0.0,0.07290783577570542,1,0,11.0,0
PO-00367,Beta_Supplies,2022-01-10,2022-01-20,MRO,Delivered,1306,23.49,20.17,116.0,No,10,0.0888208269525268,0.14133673903788832,0,0,12.0,1
PO-00368,Delta_Logistics,2023-04-15,2023-04-28,Electronics,Delivered,1172,32.93,29.28,0.0,No,13,0.0,0.11084117825690855,0,0,11.0,0
PO-00370,Gamma_Co,2023-07-31,2023-08-07,Raw Materials,Delivered,865,81.54,71.59,39.0,Yes,7,0.04508670520231214,0.12202599950944325,1,0,10.5,1
PO-00371,Beta_Supplies,2022-04-13,2022-04-20,Raw Materials,Delivered,257,68.72,66.92,22.0,Yes,7,0.08560311284046693,0.02619324796274734,1,0,10.5,1
PO-00372,Epsilon_Group,2022-03-17,2022-03-26,Packaging,Delivered,1204,73.18,67.59,31.0,Yes,9,0.02574750830564784,0.07638699098114243,1,0,11.0,1
PO-00373,Beta_Supplies,2023-07-05,2023-07-09,Electronics,Partially Delivered,453,64.14,60.18,51.0,Yes,4,0.11258278145695365,0.06173994387277831,1,0,11.0,1
PO-00374,Epsilon_Group,2022-08-07,2022-08-21,Electronics,Delivered,201,33.81,32.54,3.0,Yes,14,0.014925373134328358,0.03756285122744759,1,0,11.0,0
PO-00375,Delta_Logistics,2023-06-03,2023-06-16,Office Supplies,Delivered,103,44.61,42.88,10.0,Yes,13,0.0970873786407767,0.03878054247926467,1,0,10.0,0
PO-00376,Epsilon_Group,2022-09-29,2022-10-07,Office Supplies,Delivered,1193,27.4,27.09,0.0,Yes,8,0.0,0.01131386861313864,1,0,10.0,1
PO-00377,Gamma_Co,2022-05-16,2022-05-28,Office Supplies,Partially Delivered,1746,93.6,89.81,85.0,Yes,12,0.04868270332187858,0.04049145299145291,1,0,10.0,0
PO-00378,Delta_Logistics,2022-12-24,2022-12-26,Electronics,Delivered,1993,65.94,59.36,0.0,Yes,2,0.0,0.0997876857749469,1,0,11.0,1
PO-00379,Beta_Supplies,2022-03-12,2022-03-27,Raw Materials,Delivered,677,46.54,43.11,0.0,No,15,0.0,0.07370004297378599,0,0,10.5,0
PO-00381,Epsilon_Group,2023-01-14,2023-02-02,Packaging,Delivered,1698,100.97,98.73,52.0,Yes,19,0.030624263839811542,0.022184807368525253,1,0,11.0,0
PO-00382,Gamma_Co,2022-10-19,2022-11-01,Office Supplies,Delivered,1493,24.87,22.89,56.0,Yes,13,0.03750837240455459,0.0796139927623643,1,0,10.0,0
PO-00383,Alpha_Inc,2022-06-11,2022-06-25,Packaging,Delivered,1495,64.33,58.18,26.0,Yes,14,0.017391304347826087,0.0956008083320379,1,0,11.0,0
PO-00386,Beta_Supplies,2023-12-22,2024-01-11,Packaging,Delivered,303,12.97,11.42,0.0,No,20,0.0,0.11950655358519666,0,0,11.0,0
PO-00387,Alpha_Inc,2022-11-06,2022-11-18,Office Supplies,Delivered,1300,92.92,90.63,0.0,Yes,12,0.0,0.024644855789926885,1,0,10.0,0
PO-00388,Gamma_Co,2023-09-19,2023-09-23,Raw Materials,Delivered,1185,103.28,99.05,0.0,Yes,4,0.0,0.04095662277304419,1,0,10.5,1
PO-00389,Epsilon_Group,2023-11-01,2023-11-20,Raw Materials,Delivered,559,67.56,57.98,15.0,Yes,19,0.026833631484794274,0.14179988158673779,1,0,10.5,0
PO-00390,Epsilon_Group,2023-06-26,2023-06-29,Electronics,Pending,1546,78.88,78.0,38.0,Yes,3,0.02457956015523933,0.011156186612576008,1,0,11.0,1
PO-00391,Epsilon_Group,2022-01-09,2022-01-19,Packaging,Delivered,148,93.02,85.96,4.0,Yes,10,0.02702702702702703,0.07589765641797466,1,0,11.0,1
PO-00392,Delta_Logistics,2023-11-15,2023-11-23,Office Supplies,Delivered,202,81.75,78.26,37.0,No,8,0.18316831683168316,0.04269113149847088,0,0,10.0,1
PO-00393,Gamma_Co,2023-07-22,2023-07-28,Packaging,Delivered,1934,25.86,25.6,78.0,Yes,6,0.04033092037228542,0.010054137664346404,1,0,11.0,1
PO-00394,Alpha_Inc,2022-11-03,2022-11-07,Office Supplies,Delivered,963,64.96,64.07,20.0,Yes,4,0.020768431983385256,0.013700738916256167,1,0,10.0,1
PO-00395,Gamma_Co,2023-11-11,2023-11-18,MRO,Delivered,1969,71.71,61.96,0.0,Yes,7,0.0,0.13596430065541756,1,0,12.0,1
PO-00398,Beta_Supplies,2022-09-28,2022-10-03,Electronics,Delivered,1779,97.86,94.36,176.0,Yes,5,0.09893198426082069,0.0357653791130186,1,0,11.0,1
PO-00399,Gamma_Co,2022-04-29,2022-05-05,MRO,Pending,871,94.7,92.66,46.0,Yes,6,0.05281285878300804,0.021541710665258777,1,0,12.0,1
PO-00400,Epsilon_Group,2022-04-20,2022-04-23,Electronics,Delivered,1236,51.33,44.03,25.0,Yes,3,0.020226537216828478,0.14221702707968045,1,0,11.0,1
PO-00401,Delta_Logistics,2023-07-21,2023-08-06,Electronics,Delivered,1793,22.01,21.78,285.0,Yes,16,0.15895147796988288,0.010449795547478437,1,0,11.0,0
PO-00402,Delta_Logistics,2022-06-09,2022-06-28,MRO,Delivered,1006,101.1,89.04,139.0,Yes,19,0.13817097415506957,0.11928783382789307,1,0,12.0,0
PO-00404,Epsilon_Group,2022-10-16,2022-11-04,Electronics,Delivered,210,22.17,21.32,10.0,Yes,19,0.047619047619047616,0.038340099233198074,1,0,11.0,0
PO-00405,Delta_Logistics,2023-09-12,2023-10-02,MRO,Delivered,1653,102.16,91.91,217.0,Yes,20,0.13127646702964307,0.10033281127642914,1,0,12.0,0
PO-00406,Alpha_Inc,2022-08-04,2022-08-15,MRO,Partially Delivered,850,91.38,88.41,24.0,Yes,11,0.02823529411764706,0.03250164149704529,1,0,12.0,1
PO-00407,Epsilon_Group,2022-12-18,2022-12-21,Raw Materials,Delivered,447,59.81,57.92,13.0,Yes,3,0.029082774049217,0.03160006687844843,1,0,10.5,1
PO-00408,Gamma_Co,2022-07-28,2022-08-07,Office Supplies,Delivered,1350,65.11,56.95,71.0,Yes,10,0.052592592592592594,0.12532637075718012,1,0,10.0,1
PO-00409,Beta_Supplies,2023-12-05,2023-12-24,Office Supplies,Delivered,865,51.19,47.76,83.0,Yes,19,0.09595375722543352,0.06700527446766946,1,0,10.0,0
PO-00410,Alpha_Inc,2023-10-12,2023-10-29,MRO,Delivered,1989,16.5,15.89,57.0,Yes,17,0.02865761689291101,0.03696969696969694,1,0,12.0,0
PO-00411,Alpha_Inc,2022-09-28,2022-10-13,Office Supplies,Delivered,1577,41.77,39.58,32.0,Yes,15,0.020291693088142042,0.052429973665310145,1,0,10.0,0
PO-00412,Gamma_Co,2023-06-02,2023-06-04,Packaging,Pending,1969,89.25,87.28,108.0,No,2,0.05485017775520569,0.02207282913165265,0,0,11.0,1
PO-00413,Beta_Supplies,2023-05-16,2023-05-26,Packaging,Partially Delivered,1465,11.25,9.61,151.0,Yes,10,0.10307167235494881,0.14577777777777784,1,0,11.0,1
PO-00414,Delta_Logistics,2022-09-15,2022-09-18,Packaging,Pending,1208,41.62,39.46,0.0,Yes,3,0.0,0.05189812590100905,1,0,11.0,1
PO-00415,Beta_Supplies,2022-02-22,2022-03-11,Raw Materials,Delivered,1268,46.06,45.26,123.0,Yes,17,0.09700315457413249,0.017368649587494664,1,0,10.5,0
PO-00416,Delta_Logistics,2022-04-05,2022-04-24,Office Supplies,Delivered,450,59.24,55.03,68.0,No,19,0.1511111111111111,0.07106684672518569,0,0,10.0,0
PO-00417,Gamma_Co,2023-10-12,2023-10-14,Electronics,Partially Delivered,689,102.53,95.23,38.0,Yes,2,0.055152394775036286,0.07119867355895833,1,0,11.0,1
PO-00418,Gamma_Co,2023-03-10,2023-03-29,MRO,Delivered,1106,44.05,38.6,51.0,Yes,19,0.0461121157323689,0.12372304199772977,1,0,12.0,0
PO-00419,Alpha_Inc,2022-10-11,2022-10-22,Office Supplies,Delivered,737,43.08,42.58,21.0,Yes,11,0.028493894165535955,0.011606313834726092,1,0,10.0,0
PO-00420,Alpha_Inc,2022-02-15,2022-03-04,Raw Materials,Delivered,509,76.76,74.72,7.0,No,17,0.0137524557956778,0.026576341844710867,0,0,10.5,0
PO-00421,Alpha_Inc,2022-01-04,2022-01-06,Electronics,Delivered,1004,50.7,46.59,27.0,Yes,2,0.026892430278884463,0.08106508875739643,1,0,11.0,1
PO-00422,Gamma_Co,2022-12-08,2022-12-19,MRO,Pending,1956,31.88,28.48,86.0,Yes,11,0.04396728016359918,0.10664993726474274,1,0,12.0,1
PO-00424,Gamma_Co,2023-10-15,2023-10-21,MRO,Partially Delivered,1448,25.06,21.62,84.0,Yes,6,0.058011049723756904,0.13727055067837182,1,0,12.0,1
PO-00425,Gamma_Co,2022-09-26,2022-10-11,Packaging,Delivered,1095,26.91,23.75,53.0,Yes,15,0.048401826484018265,0.11742846525455222,1,0,11.0,0
PO-00427,Beta_Supplies,2023-03-29,2023-04-18,MRO,Partially Delivered,1743,51.04,47.15,160.0,Yes,20,0.09179575444635686,0.07621473354231977,1,0,12.0,0
PO-00428,Alpha_Inc,2023-07-19,2023-07-31,Raw Materials,Delivered,87,100.65,85.56,1.0,Yes,12,0.011494252873563218,0.14992548435171388,1,0,10.5,0
PO-00430,Delta_Logistics,2023-03-14,2023-03-25,Raw Materials,Delivered,1438,66.61,58.5,237.0,Yes,11,0.16481223922114047,0.12175349046689686,1,0,10.5,0
PO-00431,Delta_Logistics,2023-07-29,2023-07-31,Office Supplies,Partially Delivered,612,72.93,63.32,99.0,Yes,2,0.16176470588235295,0.13177019059372008,1,0,10.0,1
PO-00432,Epsilon_Group,2022-01-10,2022-01-21,Packaging,Pending,487,11.18,10.63,15.0,Yes,11,0.030800821355236138,0.04919499105545608,1,0,11.0,1
PO-00433,Epsilon_Group,2022-04-25,2022-04-29,Packaging,Partially Delivered,1849,70.76,69.25,51.0,Yes,4,0.027582477014602487,0.021339739966082603,1,0,11.0,1
PO-00434,Epsilon_Group,2022-03-19,2022-04-01,MRO,Partially Delivered,1356,26.28,25.44,47.0,Yes,13,0.03466076696165192,0.031963470319634694,1,0,12.0,0
PO-00435,Delta_Logistics,2023-12-09,2023-12-29,Raw Materials,Delivered,76,107.59,96.33,10.0,Yes,20,0.13157894736842105,0.10465656659540853,1,0,10.5,0
PO-00436,Alpha_Inc,2022-06-02,2022-06-13,Packaging,Partially Delivered,275,23.96,20.44,0.0,Yes,11,0.0,0.1469115191986644,1,0,11.0,1
PO-00437,Alpha_Inc,2023-07-13,2023-07-18,Packaging,Delivered,1350,51.57,48.07,0.0,Yes,5,0.0,0.0678689160364553,1,0,11.0,1
PO-00439,Gamma_Co,2023-01-14,2023-01-27,MRO,Delivered,1682,105.7,101.3,94.0,Yes,13,0.0558858501783591,0.04162724692526022,1,0,12.0,0
PO-00440,Epsilon_Group,2023-08-20,2023-08-23,Electronics,Delivered,333,60.44,58.54,8.0,Yes,3,0.024024024024024024,0.03143613500992718,1,0,11.0,1
PO-00442,Epsilon_Group,2022-06-01,2022-06-12,MRO,Partially Delivered,1009,16.44,16.18,0.0,Yes,11,0.0,0.015815085158150947,1,0,12.0,1
PO-00443,Epsilon_Group,2023-03-17,2023-04-03,Electronics,Pending,1554,82.92,74.82,44.0,Yes,17,0.028314028314028315,0.09768451519536914,1,0,11.0,0
PO-00444,Gamma_Co,2022-05-11,2022-05-25,Packaging,Partially Delivered,502,29.47,28.94,27.0,Yes,14,0.053784860557768925,0.017984390906006027,1,0,11.0,0
PO-00445,Delta_Logistics,2022-02-12,2022-02-13,MRO,Delivered,1069,91.28,82.64,0.0,Yes,1,0.0,0.09465381244522349,1,0,12.0,1
PO-00446,Alpha_Inc,2022-11-12,2022-11-18,MRO,Pending,1902,29.89,25.83,41.0,Yes,6,0.021556256572029444,0.13583138173302114,1,0,12.0,1
PO-00448,Delta_Logistics,2022-02-10,2022-02-26,Packaging,Partially Delivered,708,13.36,11.61,0.0,No,16,0.0,0.13098802395209583,0,0,11.0,0
PO-00449,Delta_Logistics,2023-01-02,2023-01-07,Packaging,Delivered,1589,55.64,48.52,0.0,Yes,5,0.0,0.1279654924514737,1,0,11.0,1
PO-00450,Alpha_Inc,2022-08-04,2022-08-14,Office Supplies,Delivered,596,62.96,61.88,9.0,Yes,10,0.015100671140939598,0.017153748411689936,1,0,10.0,1
PO-00451,Epsilon_Group,2023-11-30,2023-12-04,Office Supplies,Delivered,1265,17.66,16.97,34.0,Yes,4,0.026877470355731226,0.03907134767836927,1,0,10.0,1
PO-00452,Beta_Supplies,2022-09-13,2022-10-01,Raw Materials,Delivered,1122,82.99,81.7,118.0,No,18,0.1051693404634581,0.015544041450777106,0,0,10.5,0
PO-00453,Epsilon_Group,2023-11-14,2023-12-01,Office Supplies,Delivered,1585,56.38,53.05,0.0,Yes,17,0.0,0.0590634976942179,1,0,10.0,0
PO-00454,Epsilon_Group,2022-04-16,2022-04-27,Electronics,Delivered,66,58.05,50.76,0.0,Yes,11,0.0,0.1255813953488372,1,0,11.0,1
PO-00455,Beta_Supplies,2022-12-29,2023-01-18,MRO,Delivered,1245,52.4,51.65,118.0,No,20,0.09477911646586346,0.01431297709923664,0,0,12.0,0
PO-00456,Delta_Logistics,2023-07-28,2023-08-10,Electronics,Delivered,1293,50.21,47.55,0.0,No,13,0.0,0.05297749452300346,0,0,11.0,0
PO-00457,Beta_Supplies,2023-02-21,2023-02-27,Packaging,Delivered,207,64.29,63.01,25.0,Yes,6,0.12077294685990338,0.019909783792191757,1,0,11.0,1
PO-00458,Beta_Supplies,2023-09-28,2023-10-18,Office Supplies,Delivered,526,26.37,25.32,47.0,Yes,20,0.08935361216730038,0.03981797497155862,1,0,10.0,0
PO-00459,Gamma_Co,2022-06-08,2022-06-14,Electronics,Delivered,1119,27.03,23.82,0.0,Yes,6,0.0,0.11875693673695896,1,0,11.0,1
PO-00460,Gamma_Co,2022-08-31,2022-09-02,Packaging,Delivered,1446,90.63,84.51,77.0,Yes,2,0.05325034578146611,0.06752730883813296,1,0,11.0,1
PO-00461,Gamma_Co,2022-06-16,2022-06-24,Office Supplies,Delivered,567,97.53,85.29,21.0,Yes,8,0.037037037037037035,0.12549984620116883,1,0,10.0,1
PO-00463,Beta_Supplies,2023-02-27,2023-03-14,MRO,Pending,1965,36.6,34.64,195.0,Yes,15,0.09923664122137404,0.053551912568306034,1,0,12.0,0
PO-00464,Alpha_Inc,2022-01-26,2022-02-03,Office Supplies,Pending,1818,67.96,58.98,0.0,Yes,8,0.0,0.1321365509123013,1,0,10.0,1
PO-00465,Beta_Supplies,2022-07-03,2022-07-19,MRO,Delivered,1110,48.19,45.88,112.0,Yes,16,0.1009009009009009,0.04793525627723584,1,0,12.0,0
PO-00469,Gamma_Co,2022-09-12,2022-09-22,Office Supplies,Partially Delivered,351,72.08,71.3,20.0,Yes,10,0.05698005698005698,0.010821309655937862,1,0,10.0,1
PO-00470,Delta_Logistics,2022-10-01,2022-10-18,Raw Materials,Partially Delivered,230,13.0,12.81,0.0,No,17,0.0,0.014615384615384577,0,0,10.5,0
PO-00471,Alpha_Inc,2022-06-13,2022-06-19,MRO,Delivered,656,30.73,26.26,17.0,Yes,6,0.025914634146341462,0.14546046208916363,1,0,12.0,1
PO-00472,Gamma_Co,2023-12-20,2024-01-09,MRO,Delivered,1172,34.34,32.09,69.0,Yes,20,0.05887372013651877,0.06552125800815375,1,0,12.0,0
PO-00473,Gamma_Co,2022-04-21,2022-04-30,Electronics,Delivered,749,71.53,70.02,41.0,Yes,9,0.05473965287049399,0.021110023766251994,1,0,11.0,1
PO-00474,Beta_Supplies,2023-01-27,2023-02-12,Packaging,Delivered,1042,12.48,12.3,88.0,Yes,16,0.08445297504798464,0.0144230769230769,1,0,11.0,0
PO-00475,Delta_Logistics,2022-02-09,2022-02-27,Raw Materials,Delivered,1189,19.47,17.15,0.0,No,18,0.0,0.1191576784797124,0,0,10.5,0
PO-00477,Epsilon_Group,2022-08-16,2022-09-02,MRO,Delivered,302,26.98,26.47,9.0,Yes,17,0.029801324503311258,0.01890289103039294,1,0,12.0,0
PO-00478,Beta_Supplies,2022-07-24,2022-08-03,MRO,Pending,1030,70.81,61.58,0.0,No,10,0.0,0.13034882078802434,0,0,12.0,1
PO-00479,Delta_Logistics,2023-04-17,2023-04-23,Office Supplies,Delivered,977,33.79,32.25,137.0,Yes,6,0.14022517911975435,0.045575614087007964,1,0,10.0,1
PO-00480,Alpha_Inc,2022-12-25,2023-01-11,Packaging,Delivered,1234,19.99,17.66,25.0,Yes,17,0.02025931928687196,0.1165582791395697,1,0,11.0,0
PO-00481,Beta_Supplies,2022-11-09,2022-11-23,Office Supplies,Delivered,1329,33.48,33.06,146.0,Yes,14,0.10985703536493605,0.012544802867383352,1,0,10.0,0
PO-00482,Gamma_Co,2022-08-22,2022-08-30,Raw Materials,Delivered,1396,77.63,67.81,58.0,Yes,8,0.04154727793696275,0.12649748808450334,1,0,10.5,1
PO-00483,Alpha_Inc,2022-08-17,2022-08-29,Raw Materials,Delivered,177,90.06,87.71,7.0,Yes,12,0.03954802259887006,0.0260937153009106,1,0,10.5,0
PO-00485,Gamma_Co,2023-11-07,2023-11-20,Office Supplies,Delivered,1866,50.78,48.2,96.0,Yes,13,0.05144694533762058,0.05080740448995664,1,0,10.0,0
PO-00486,Epsilon_Group,2022-07-17,2022-07-25,MRO,Delivered,1808,72.23,67.86,53.0,Yes,8,0.0293141592920354,0.06050117679634507,1,0,12.0,1
PO-00488,Gamma_Co,2022-12-03,2022-12-04,Office Supplies,Pending,619,38.38,35.02,34.0,Yes,1,0.05492730210016155,0.08754559666492963,1,0,10.0,1
PO-00489,Delta_Logistics,2022-10-13,2022-10-17,Office Supplies,Delivered,1396,94.75,84.06,210.0,Yes,4,0.1504297994269341,0.11282321899736146,1,0,10.0,1
PO-00490,Gamma_Co,2022-03-13,2022-03-24,MRO,Delivered,1945,11.28,9.98,94.0,Yes,11,0.04832904884318766,0.11524822695035453,1,0,12.0,1
PO-00491,Delta_Logistics,2022-10-13,2022-10-18,Packaging,Delivered,735,18.49,15.89,113.0,No,5,0.15374149659863945,0.14061654948620866,0,0,11.0,1
PO-00492,Epsilon_Group,2022-12-26,2023-01-11,Office Supplies,Pending,1865,30.29,26.83,56.0,Yes,16,0.030026809651474532,0.11422911852096404,1,0,10.0,0
PO-00494,Gamma_Co,2023-06-06,2023-06-22,MRO,Pending,1361,28.57,24.29,65.0,Yes,16,0.04775900073475386,0.14980749037451876,1,0,12.0,0
PO-00495,Gamma_Co,2023-02-14,2023-02-15,Raw Materials,Delivered,903,66.53,60.15,29.0,Yes,1,0.03211517165005537,0.09589658800541113,1,0,10.5,1
PO-00497,Beta_Supplies,2023-07-04,2023-07-11,MRO,Delivered,1011,98.47,97.06,91.0,Yes,7,0.09000989119683482,0.014319081953894553,1,0,12.0,1
PO-00498,Delta_Logistics,2022-12-06,2022-12-24,Electronics,Delivered,1712,88.17,85.86,246.0,Yes,18,0.14369158878504673,0.026199387546784646,1,0,11.0,0
PO-00500,Beta_Supplies,2022-04-29,2022-05-13,Electronics,Partially Delivered,539,33.85,30.57,34.0,No,14,0.06307977736549165,0.09689807976366326,0,0,11.0,0
PO-00501,Delta_Logistics,2022-09-25,2022-10-05,Office Supplies,Delivered,1459,45.94,42.56,212.0,No,10,0.1453050034270048,0.07357422725293852,0,0,10.0,1
PO-00502,Gamma_Co,2022-07-02,2022-07-06,MRO,Delivered,834,65.02,56.19,0.0,Yes,4,0.0,0.13580436788680406,1,0,12.0,1
PO-00503,Gamma_Co,2023-08-18,2023-09-01,Packaging,Partially Delivered,1177,37.37,34.27,60.0,Yes,14,0.05097706032285471,0.08295424137008281,1,0,11.0,0
PO-00504,Delta_Logistics,2022-09-29,2022-10-19,MRO,Delivered,1466,68.82,66.82,211.0,Yes,20,0.14392905866302866,0.029061319383900032,1,0,12.0,0
PO-00505,Epsilon_Group,2022-02-09,2022-02-13,Electronics,Delivered,1884,47.08,44.31,54.0,Yes,4,0.028662420382165606,0.058836023789294735,1,0,11.0,1
PO-00506,Beta_Supplies,2022-04-22,2022-05-08,Electronics,Delivered,295,60.58,57.32,31.0,Yes,16,0.10508474576271186,0.05381313965004949,1,0,11.0,0
PO-00507,Gamma_Co,2023-09-03,2023-09-04,Raw Materials,Delivered,1249,54.18,47.29,59.0,Yes,1,0.04723779023218575,0.1271686969361388,1,0,10.5,1
PO-00508,Delta_Logistics,2023-03-21,2023-04-09,Raw Materials,Delivered,1112,39.06,33.6,184.0,No,19,0.16546762589928057,0.13978494623655915,0,0,10.5,0
PO-00509,Gamma_Co,2022-12-20,2022-12-25,Office Supplies,Delivered,1550,100.61,97.43,66.0,Yes,5,0.04258064516129032,0.03160719610376695,1,0,10.0,1
PO-00510,Delta_Logistics,2022-11-18,2022-11-19,Electronics,Delivered,1755,82.66,73.67,258.0,No,1,0.147008547008547,0.10875877086861838,0,0,11.0,1
PO-00511,Gamma_Co,2023-03-23,2023-03-31,Raw Materials,Delivered,808,24.19,21.64,39.0,Yes,8,0.04826732673267327,0.10541546093427039,1,0,10.5,1
PO-00512,Alpha_Inc,2023-09-13,2023-09-19,Raw Materials,Partially Delivered,587,96.98,95.35,14.0,Yes,6,0.02385008517887564,0.016807589193648272,1,0,10.5,1
PO-00513,Epsilon_Group,2023-06-08,2023-06-11,MRO,Delivered,1940,58.45,50.29,54.0,Yes,3,0.027835051546391754,0.13960650128314805,1,0,12.0,1
PO-00515,Epsilon_Group,2023-01-30,2023-02-16,Packaging,Delivered,970,86.91,78.44,18.0,Yes,17,0.018556701030927835,0.09745713956966977,1,0,11.0,0
PO-00516,Epsilon_Group,2023-08-14,2023-08-31,MRO,Delivered,457,52.85,50.34,16.0,Yes,17,0.0350109409190372,0.047492904446546795,1,0,12.0,0
PO-00518,Epsilon_Group,2022-09-18,2022-09-20,Office Supplies,Delivered,877,35.55,34.69,24.0,Yes,2,0.027366020524515394,0.024191279887482407,1,0,10.0,1
PO-00519,Alpha_Inc,2022-02-15,2022-02-27,MRO,Delivered,1579,59.04,50.95,29.0,Yes,12,0.01836605446485117,0.1370257452574525,1,0,12.0,1
PO-00520,Delta_Logistics,2023-12-27,2023-12-28,Raw Materials,Delivered,952,74.72,69.73,0.0,Yes,1,0.0,0.06678265524625261,1,0,10.5,1
PO-00521,Beta_Supplies,2023-03-23,2023-03-26,Raw Materials,Pending,1898,35.53,33.25,187.0,Yes,3,0.09852476290832456,0.06417112299465244,1,0,10.5,1
PO-00522,Delta_Logistics,2022-01-02,2022-01-06,Packaging,Delivered,85,22.54,20.68,6.0,Yes,4,0.07058823529411765,0.08251996450754212,1,0,11.0,1
PO-00523,Gamma_Co,2023-06-17,2023-06-28,Packaging,Pending,734,92.38,78.92,34.0,No,11,0.04632152588555858,0.14570253301580421,0,0,11.0,1
PO-00524,Alpha_Inc,2023-07-06,2023-07-18,Office Supplies,Delivered,69,107.47,105.53,0.0,Yes,12,0.0,0.01805154926956358,1,0,10.0,0
PO-00525,Delta_Logistics,2023-12-05,2023-12-11,Packaging,Delivered,370,63.9,55.79,59.0,Yes,6,0.15945945945945947,0.1269170579029734,1,0,11.0,1
PO-00526,Delta_Logistics,2023-11-18,2023-12-03,MRO,Delivered,1849,28.25,27.53,271.0,Yes,15,0.14656571119524067,0.025486725663716774,1,0,12.0,0
PO-00528,Gamma_Co,2023-01-08,2023-01-14,Electronics,Delivered,449,12.35,10.67,29.0,Yes,6,0.0645879732739421,0.13603238866396758,1,0,11.0,1
PO-00529,Beta_Supplies,2023-03-18,2023-03-21,Office Supplies,Delivered,703,98.75,86.78,59.0,Yes,3,0.08392603129445235,0.12121518987341771,1,0,10.0,1
PO-00530,Gamma_Co,2022-03-13,2022-03-28,Electronics,Delivered,1021,20.8,18.23,37.0,Yes,15,0.03623898139079334,0.12355769230769231,1,0,11.0,0
PO-00531,Beta_Supplies,2023-11-12,2023-11-19,Office Supplies,Delivered,1956,68.69,65.09,0.0,Yes,7,0.0,0.05240937545494241,1,0,10.0,1
PO-00532,Delta_Logistics,2022-12-05,2022-12-12,Office Supplies,Partially Delivered,520,36.57,34.78,67.0,No,7,0.12884615384615383,0.048947224500957044,0,0,10.0,1
PO-00533,Delta_Logistics,2023-10-01,2023-10-12,MRO,Delivered,1216,66.16,63.0,179.0,No,11,0.14720394736842105,0.047762998790810106,0,0,12.0,1
PO-00535,Delta_Logistics,2023-11-11,2023-11-29,Packaging,Pending,1427,93.99,83.6,213.0,Yes,18,0.14926419060967064,0.11054367485902757,1,0,11.0,0
PO-00536,Epsilon_Group,2022-05-08,2022-05-10,Electronics,Delivered,883,29.15,25.75,14.0,Yes,2,0.015855039637599093,0.1166380789022298,1,0,11.0,1
PO-00537,Delta_Logistics,2022-11-04,2022-11-11,Packaging,Partially Delivered,1873,11.54,9.89,284.0,No,7,0.15162840363053925,0.1429809358752165,0,0,11.0,1
PO-00538,Epsilon_Group,2023-06-04,2023-06-06,Office Supplies,Delivered,776,24.22,22.53,27.0,Yes,2,0.03479381443298969,0.06977704376548298,1,0,10.0,1
PO-00539,Delta_Logistics,2022-11-13,2022-11-24,Electronics,Delivered,903,95.55,92.45,149.0,No,11,0.16500553709856036,0.03244374672946096,0,0,11.0,1
PO-00540,Epsilon_Group,2023-11-14,2023-11-26,Electronics,Delivered,100,98.4,85.76,3.0,Yes,12,0.03,0.12845528455284552,1,0,11.0,0
PO-00541,Epsilon_Group,2023-02-23,2023-03-08,Office Supplies,Delivered,1738,67.91,61.15,0.0,Yes,13,0.0,0.09954351347371519,1,0,10.0,0
PO-00542,Delta_Logistics,2022-12-01,2022-12-14,Packaging,Delivered,1771,67.57,61.48,280.0,No,13,0.15810276679841898,0.09012875536480681,0,0,11.0,0
PO-00543,Epsilon_Group,2023-02-17,2023-02-23,Electronics,Delivered,624,74.39,66.3,18.0,No,6,0.028846153846153848,0.10875117623336475,0,0,11.0,1
PO-00544,Alpha_Inc,2023-12-15,2023-12-31,Packaging,Partially Delivered,1263,28.75,27.1,26.0,Yes,16,0.02058590657165479,0.057391304347826036,1,0,11.0,0
PO-00546,Epsilon_Group,2023-07-22,2023-07-25,Raw Materials,Delivered,199,51.98,45.64,0.0,No,3,0.0,0.12196998845709882,0,0,10.5,1
PO-00547,Epsilon_Group,2022-05-11,2022-05-14,MRO,Pending,363,45.37,38.73,0.0,Yes,3,0.0,0.14635221512012345,1,0,12.0,1
PO-00548,Alpha_Inc,2022-07-16,2022-07-22,Office Supplies,Delivered,619,58.4,51.04,0.0,Yes,6,0.0,0.12602739726027395,1,0,10.0,1
PO-00549,Alpha_Inc,2023-03-07,2023-03-18,MRO,Delivered,1415,15.22,13.56,30.0,Yes,11,0.02120141342756184,0.10906701708278581,1,0,12.0,1
PO-00550,Beta_Supplies,2023-11-12,2023-11-23,Packaging,Delivered,354,27.71,23.87,39.0,No,11,0.11016949152542373,0.13857813063875857,0,0,11.0,1
PO-00551,Gamma_Co,2023-01-24,2023-02-03,MRO,Delivered,1765,81.01,78.43,78.0,Yes,10,0.04419263456090652,0.031847920009875304,1,0,12.0,1
PO-00552,Beta_Supplies,2023-11-25,2023-12-09,MRO,Delivered,731,19.37,17.3,69.0,No,14,0.09439124487004104,0.10686628807434177,0,0,12.0,0
PO-00553,Epsilon_Group,2022-06-28,2022-07-13,MRO,Delivered,887,65.89,59.67,29.0,Yes,15,0.03269447576099211,0.09439975717104263,1,0,12.0,0
PO-00554,Alpha_Inc,2023-09-23,2023-09-25,MRO,Delivered,1856,35.29,32.41,26.0,Yes,2,0.014008620689655173,0.08160952111079633,1,0,12.0,1
PO-00555,Epsilon_Group,2023-08-06,2023-08-18,Office Supplies,Delivered,1127,49.32,46.49,30.0,Yes,12,0.026619343389529725,0.0573803730738037,1,0,10.0,0
PO-00556,Delta_Logistics,2022-11-05,2022-11-19,Raw Materials,Delivered,1052,37.78,32.6,162.0,Yes,14,0.15399239543726237,0.1371095817893065,1,0,10.5,0
PO-00557,Gamma_Co,2023-02-20,2023-02-22,Raw Materials,Delivered,493,44.74,41.44,24.0,No,2,0.0486815415821501,0.07375949932945919,0,0,10.5,1
PO-00558,Delta_Logistics,2023-07-16,2023-07-29,MRO,Partially Delivered,662,81.44,71.33,87.0,Yes,13,0.13141993957703926,0.12414047151277013,1,0,12.0,0
PO-00559,Alpha_Inc,2022-01-01,2022-01-07,Raw Materials,Delivered,1042,36.74,35.78,33.0,Yes,6,0.03166986564299424,0.026129559063690824,1,0,10.5,1
PO-00561,Alpha_Inc,2022-10-21,2022-11-10,Office Supplies,Delivered,1126,55.22,50.38,0.0,Yes,20,0.0,0.08764940239043818,1,0,10.0,0
PO-00562,Gamma_Co,2022-08-04,2022-08-19,MRO,Delivered,1645,72.17,64.0,79.0,Yes,15,0.04802431610942249,0.11320493279756133,1,0,12.0,0
PO-00563,Beta_Supplies,2023-03-17,2023-03-20,Packaging,Delivered,1053,100.92,92.35,104.0,Yes,3,0.09876543209876543,0.0849187475227904,1,0,11.0,1
PO-00564,Epsilon_Group,2023-08-17,2023-08-29,MRO,Delivered,1693,83.14,73.3,62.0,Yes,12,0.03662138216184288,0.11835458263170559,1,0,12.0,1
PO-00565,Epsilon_Group,2023-09-14,2023-10-03,Raw Materials,Pending,54,32.28,28.65,3.0,Yes,19,0.05555555555555555,0.11245353159851308,1,0,10.5,0
PO-00566,Epsilon_Group,2023-11-02,2023-11-07,Packaging,Delivered,1176,14.22,12.21,33.0,Yes,5,0.02806122448979592,0.1413502109704641,1,0,11.0,1
PO-00567,Epsilon_Group,2022-11-26,2022-12-08,Raw Materials,Delivered,1269,35.28,33.7,35.0,Yes,12,0.027580772261623327,0.04478458049886616,1,0,10.5,0
PO-00568,Epsilon_Group,2023-04-22,2023-04-25,Raw Materials,Delivered,823,68.32,64.46,19.0,Yes,3,0.023086269744835967,0.05649882903981265,1,0,10.5,1
PO-00569,Beta_Supplies,2023-03-29,2023-04-15,Electronics,Delivered,926,15.65,13.49,94.0,No,17,0.10151187904967603,0.1380191693290735,0,0,11.0,0
PO-00571,Gamma_Co,2023-11-23,2023-12-01,Electronics,Pending,933,70.72,65.47,42.0,Yes,8,0.04501607717041801,0.07423642533936652,1,0,11.0,1
PO-00573,Delta_Logistics,2023-06-08,2023-06-14,MRO,Delivered,96,86.13,80.32,12.0,No,6,0.125,0.06745617090444679,0,0,12.0,1
PO-00574,Epsilon_Group,2023-04-30,2023-05-13,MRO,Delivered,916,21.06,19.53,25.0,Yes,13,0.027292576419213975,0.07264957264957254,1,0,12.0,0
PO-00576,Beta_Supplies,2023-11-06,2023-11-15,Electronics,Delivered,985,83.85,80.88,0.0,No,9,0.0,0.03542039355992843,0,0,11.0,1
PO-00577,Gamma_Co,2022-03-28,2022-04-04,Raw Materials,Delivered,1893,55.14,50.1,98.0,Yes,7,0.051769677760169046,0.0914036996735582,1,0,10.5,1
PO-00579,Delta_Logistics,2023-06-12,2023-06-28,MRO,Delivered,318,53.31,51.78,0.0,No,16,0.0,0.028700056274620165,0,0,12.0,0
PO-00580,Alpha_Inc,2023-11-11,2023-11-16,Office Supplies,Pending,419,35.72,32.74,7.0,Yes,5,0.016706443914081145,0.0834266517357222,1,0,10.0,1
PO-00581,Gamma_Co,2023-10-11,2023-10-26,MRO,Delivered,685,92.51,90.05,38.0,Yes,15,0.05547445255474453,0.02659171981407424,1,0,12.0,0
PO-00582,Delta_Logistics,2023-09-27,2023-10-12,Office Supplies,Partially Delivered,1179,90.14,82.63,194.0,Yes,15,0.1645462256149279,0.08331484357665858,1,0,10.0,0
PO-00584,Alpha_Inc,2022-04-06,2022-04-17,MRO,Delivered,1732,35.01,34.18,40.0,Yes,11,0.023094688221709007,0.0237075121393887,1,0,12.0,1
PO-00585,Beta_Supplies,2022-08-29,2022-09-01,Office Supplies,Delivered,706,65.33,62.06,60.0,No,3,0.08498583569405099,0.05005357416194698,0,0,10.0,1
PO-00587,Gamma_Co,2022-11-14,2022-11-20,Office Supplies,Pending,880,19.15,18.69,0.0,No,6,0.0,0.02402088772845939,0,0,10.0,1
PO-00588,Gamma_Co,2022-08-19,2022-08-25,MRO,Delivered,1860,95.8,92.17,105.0,No,6,0.056451612903225805,0.037891440501043795,0,0,12.0,1
PO-00589,Delta_Logistics,2022-07-23,2022-08-09,MRO,Delivered,1677,22.98,21.71,246.0,Yes,17,0.14669051878354203,0.05526544821583984,1,0,12.0,0
PO-00590,Beta_Supplies,2022-05-31,2022-06-07,Packaging,Partially Delivered,1131,97.43,91.28,103.0,Yes,7,0.09106984969053934,0.06312224160936063,1,0,11.0,1
PO-00592,Delta_Logistics,2022-02-17,2022-02-18,Raw Materials,Pending,790,26.8,25.62,115.0,Yes,1,0.14556962025316456,0.044029850746268646,1,0,10.5,1
PO-00593,Gamma_Co,2022-09-08,2022-09-27,MRO,Pending,1547,61.12,53.43,77.0,Yes,19,0.049773755656108594,0.1258180628272251,1,0,12.0,0
PO-00595,Alpha_Inc,2023-09-18,2023-09-21,Electronics,Delivered,1903,83.49,82.33,43.0,Yes,3,0.02259590120861797,0.013893879506527687,1,0,11.0,1
PO-00596,Delta_Logistics,2022-03-16,2022-03-29,Office Supplies,Partially Delivered,840,83.42,80.35,153.0,Yes,13,0.18214285714285713,0.03680172620474715,1,0,10.0,0
PO-00598,Gamma_Co,2023-03-01,2023-03-18,Raw Materials,Delivered,1466,77.37,70.35,72.0,Yes,17,0.04911323328785812,0.09073284218689427,1,0,10.5,0
PO-00599,Alpha_Inc,2023-10-07,2023-10-21,Office Supplies,Delivered,1981,95.5,94.39,49.0,Yes,14,0.024734982332155476,0.011623036649214654,1,0,10.0,0
PO-00600,Gamma_Co,2023-08-13,2023-08-16,Packaging,Delivered,1062,35.55,32.38,0.0,Yes,3,0.0,0.08917018284106877,1,0,11.0,1
PO-00601,Alpha_Inc,2022-07-19,2022-07-30,MRO,Delivered,1714,55.67,55.09,42.0,Yes,11,0.024504084014002333,0.010418537812107028,1,0,12.0,1
PO-00602,Alpha_Inc,2023-12-15,2023-12-30,Office Supplies,Delivered,1131,33.35,31.28,23.0,Yes,15,0.020335985853227233,0.062068965517241385,1,0,10.0,0
PO-00603,Alpha_Inc,2023-01-29,2023-02-15,Office Supplies,Delivered,683,104.82,101.34,0.0,Yes,17,0.0,0.033199771036061726,1,0,10.0,0
PO-00604,Gamma_Co,2023-05-22,2023-06-09,Packaging,Partially Delivered,562,102.56,90.88,38.0,Yes,18,0.06761565836298933,0.11388455538221536,1,0,11.0,0
PO-00605,Alpha_Inc,2023-02-14,2023-02-20,Electronics,Delivered,1824,14.43,14.11,36.0,Yes,6,0.019736842105263157,0.022176022176022197,1,0,11.0,1
PO-00606,Beta_Supplies,2022-09-07,2022-09-12,Electronics,Partially Delivered,851,76.44,74.76,91.0,Yes,5,0.10693301997649823,0.021978021978021883,1,0,11.0,1
PO-00607,Beta_Supplies,2022-06-01,2022-06-03,Office Supplies,Delivered,1169,95.6,82.16,103.0,Yes,2,0.08810949529512403,0.1405857740585774,1,0,10.0,1
PO-00608,Epsilon_Group,2023-11-03,2023-11-20,MRO,Delivered,1711,29.14,26.35,48.0,Yes,17,0.028053769725306838,0.0957446808510638,1,0,12.0,0
PO-00609,Beta_Supplies,2023-12-06,2023-12-12,Packaging,Pending,1191,68.14,61.71,112.0,Yes,6,0.09403862300587741,0.09436454358673318,1,0,11.0,1
PO-00610,Epsilon_Group,2022-01-06,2022-01-14,Electronics,Delivered,609,92.39,82.75,29.0,Yes,8,0.047619047619047616,0.10434029656889274,1,0,11.0,1
PO-00611,Beta_Supplies,2022-04-20,2022-05-07,Office Supplies,Delivered,1674,13.25,11.77,181.0,Yes,17,0.1081242532855436,0.1116981132075472,1,0,10.0,0
PO-00612,Gamma_Co,2023-03-12,2023-03-15,MRO,Delivered,537,77.86,71.18,20.0,Yes,3,0.037243947858473,0.08579501669663489,1,0,12.0,1
PO-00613,Epsilon_Group,2022-08-13,2022-08-31,Electronics,Delivered,1310,38.05,37.0,45.0,Yes,18,0.03435114503816794,0.027595269382391516,1,0,11.0,0
PO-00614,Delta_Logistics,2022-06-30,2022-07-10,Raw Materials,Delivered,1958,95.53,91.72,308.0,Yes,10,0.15730337078651685,0.039882759342614905,1,0,10.5,1
PO-00615,Delta_Logistics,2023-12-14,2023-12-17,Office Supplies,Delivered,946,108.6,101.78,146.0,Yes,3,0.1543340380549683,0.06279926335174948,1,0,10.0,1
PO-00616,Beta_Supplies,2023-06-15,2023-06-21,Packaging,Partially Delivered,1345,103.06,95.14,0.0,Yes,6,0.0,0.07684843780322144,1,0,11.0,1
PO-00617,Delta_Logistics,2023-04-21,2023-05-10,MRO,Delivered,1262,56.63,51.46,0.0,No,19,0.0,0.09129436694331629,0,0,12.0,0
PO-00618,Beta_Supplies,2022-02-21,2022-03-13,Office Supplies,Pending,753,88.02,79.92,75.0,Yes,20,0.099601593625498,0.09202453987730055,1,0,10.0,0
PO-00619,Beta_Supplies,2023-07-25,2023-08-14,Electronics,Delivered,1520,93.75,81.63,149.0,Yes,20,0.09802631578947368,0.12928000000000006,1,0,11.0,0
PO-00620,Delta_Logistics,2022-09-13,2022-10-02,Office Supplies,Delivered,630,40.27,37.54,76.0,Yes,19,0.12063492063492064,0.06779240129128393,1,0,10.0,0
PO-00621,Delta_Logistics,2022-05-05,2022-05-06,Office Supplies,Delivered,839,86.29,82.51,110.0,Yes,1,0.13110846245530394,0.043805771236528,1,0,10.0,1
PO-00622,Alpha_Inc,2023-04-13,2023-05-02,Electronics,Delivered,910,14.33,14.07,27.0,Yes,19,0.02967032967032967,0.0181437543614794,1,0,11.0,0
PO-00623,Epsilon_Group,2022-05-17,2022-05-24,Raw Materials,Delivered,296,64.94,63.61,0.0,Yes,7,0.0,0.020480443486295016,1,0,10.5,1
PO-00624,Beta_Supplies,2023-04-21,2023-05-05,MRO,Delivered,1149,33.0,30.65,141.0,Yes,14,0.1227154046997389,0.07121212121212125,1,0,12.0,0
PO-00625,Delta_Logistics,2023-11-15,2023-11-16,Electronics,Delivered,203,23.14,20.0,0.0,No,1,0.0,0.1356957649092481,0,0,11.0,1
PO-00626,Epsilon_Group,2023-06-28,2023-07-16,Office Supplies,Delivered,1729,18.36,16.34,47.0,Yes,18,0.027183342972816656,0.1100217864923747,1,0,10.0,0
PO-00627,Delta_Logistics,2023-07-27,2023-08-06,Office Supplies,Delivered,1508,79.21,73.27,226.0,Yes,10,0.14986737400530503,0.07499053149854815,1,0,10.0,1
PO-00628,Delta_Logistics,2023-09-02,2023-09-15,Packaging,Partially Delivered,1046,44.65,40.1,165.0,No,13,0.1577437858508604,0.10190369540873455,0,0,11.0,0
PO-00629,Alpha_Inc,2022-11-21,2022-11-24,Office Supplies,Delivered,1159,78.99,71.69,14.0,Yes,3,0.012079378774805867,0.09241676161539432,1,0,10.0,1
PO-00630,Beta_Supplies,2023-03-30,2023-04-05,Electronics,Delivered,746,16.99,15.35,69.0,No,6,0.09249329758713137,0.09652736904061206,0,0,11.0,1
PO-00631,Beta_Supplies,2023-09-20,2023-10-06,Packaging,Delivered,1358,42.21,38.75,128.0,Yes,16,0.09425625920471281,0.08197109689647004,1,0,11.0,0
PO-00632,Gamma_Co,2023-06-01,2023-06-12,Office Supplies,Delivered,1293,63.53,59.42,79.0,Yes,11,0.06109822119102862,0.06469384542735715,1,0,10.0,0
PO-00633,Alpha_Inc,2023-03-13,2023-03-24,Electronics,Delivered,1142,86.85,74.28,30.0,Yes,11,0.02626970227670753,0.14473229706390323,1,0,11.0,1
PO-00634,Epsilon_Group,2023-07-16,2023-07-27,MRO,Delivered,1120,42.17,37.47,33.0,Yes,11,0.029464285714285714,0.11145364002845631,1,0,12.0,1
PO-00635,Alpha_Inc,2023-04-02,2023-04-14,MRO,Delivered,1058,71.3,62.04,0.0,Yes,12,0.0,0.12987377279102383,1,0,12.0,1
PO-00637,Beta_Supplies,2023-05-02,2023-05-14,MRO,Delivered,1823,70.66,66.92,202.0,Yes,12,0.11080636313768513,0.05292952165298606,1,0,12.0,1
PO-00638,Gamma_Co,2023-04-06,2023-04-10,Office Supplies,Delivered,1007,33.29,28.48,49.0,Yes,4,0.04865938430983118,0.14448783418443975,1,0,10.0,1
PO-00639,Gamma_Co,2022-09-23,2022-10-08,Packaging,Delivered,1061,12.68,12.36,56.0,No,15,0.0527803958529689,0.025236593059936932,0,0,11.0,0
PO-00640,Beta_Supplies,2022-09-11,2022-09-26,MRO,Pending,502,91.84,82.33,0.0,Yes,15,0.0,0.10354965156794431,1,0,12.0,0
PO-00641,Delta_Logistics,2023-10-15,2023-10-19,Packaging,Delivered,1277,13.17,11.63,199.0,No,4,0.1558339859044636,0.11693242217160206,0,0,11.0,1
PO-00642,Alpha_Inc,2022-10-11,2022-10-24,Packaging,Delivered,961,92.72,88.49,22.0,Yes,13,0.022892819979188347,0.04562122519413292,1,0,11.0,0
PO-00643,Gamma_Co,2023-06-18,2023-07-02,Packaging,Delivered,267,62.5,61.18,17.0,Yes,14,0.06367041198501873,0.021120000000000003,1,0,11.0,0
PO-00645,Epsilon_Group,2023-10-04,2023-10-23,Electronics,Pending,481,90.49,77.17,0.0,Yes,19,0.0,0.1471985854790584,1,0,11.0,0
PO-00646,Gamma_Co,2022-09-02,2022-09-09,Office Supplies,Delivered,390,103.81,100.12,20.0,Yes,7,0.05128205128205128,0.03554570850592426,1,0,10.0,1
PO-00647,Epsilon_Group,2022-10-09,2022-10-25,Packaging,Delivered,600,43.43,38.76,22.0,Yes,16,0.03666666666666667,0.10752935758692152,1,0,11.0,0
PO-00650,Delta_Logistics,2024-01-01,2024-01-04,Electronics,Pending,1327,59.57,56.44,169.0,Yes,3,0.12735493594574226,0.05254322645626998,1,0,11.0,1
PO-00652,Alpha_Inc,2022-08-29,2022-09-06,Office Supplies,Pending,406,91.73,89.13,0.0,Yes,8,0.0,0.028344053199607637,1,0,10.0,1
PO-00653,Gamma_Co,2022-10-06,2022-10-18,Raw Materials,Partially Delivered,72,103.0,89.49,1.0,No,12,0.013888888888888888,0.13116504854368938,0,0,10.5,0
PO-00654,Gamma_Co,2022-12-10,2022-12-20,Office Supplies,Delivered,1835,83.5,82.36,85.0,No,10,0.04632152588555858,0.01365269461077845,0,0,10.0,1
PO-00655,Delta_Logistics,2022-11-24,2022-12-10,Electronics,Pending,571,49.98,45.58,0.0,No,16,0.0,0.08803521408563424,0,0,11.0,0
PO-00656,Epsilon_Group,2023-07-08,2023-07-09,Packaging,Delivered,1831,52.24,50.44,60.0,Yes,1,0.03276897870016385,0.03445635528330789,1,0,11.0,1
PO-00657,Beta_Supplies,2022-03-24,2022-04-07,Office Supplies,Pending,1910,77.15,68.49,170.0,Yes,14,0.08900523560209424,0.11224886584575515,1,0,10.0,0
PO-00658,Gamma_Co,2022-05-22,2022-05-31,Electronics,Partially Delivered,1173,32.12,29.18,0.0,Yes,9,0.0,0.0915317559153175,1,0,11.0,1
PO-00659,Epsilon_Group,2022-06-04,2022-06-17,Packaging,Partially Delivered,851,20.44,19.22,22.0,Yes,13,0.025851938895417155,0.059686888454011856,1,0,11.0,0
PO-00661,Alpha_Inc,2023-01-28,2023-02-15,Electronics,Delivered,1296,38.0,33.42,33.0,Yes,18,0.02546296296296296,0.12052631578947363,1,0,11.0,0
PO-00662,Beta_Supplies,2023-12-12,2023-12-30,Raw Materials,Delivered,1979,40.88,39.46,221.0,Yes,18,0.11167256189994947,0.03473581213307245,1,0,10.5,0
PO-00663,Gamma_Co,2022-06-06,2022-06-19,Office Supplies,Delivered,811,31.8,30.33,58.0,Yes,13,0.07151664611590629,0.046226415094339696,1,0,10.0,0
PO-00664,Alpha_Inc,2023-12-25,2024-01-12,Electronics,Delivered,1732,15.37,14.7,38.0,Yes,18,0.021939953810623556,0.043591411841249185,1,0,11.0,0
PO-00665,Beta_Supplies,2022-08-08,2022-08-28,Packaging,Delivered,491,12.01,11.67,47.0,Yes,20,0.09572301425661914,0.028309741881765185,1,0,11.0,0
PO-00667,Alpha_Inc,2023-03-01,2023-03-05,Raw Materials,Partially Delivered,818,51.89,47.85,12.0,Yes,4,0.014669926650366748,0.07785700520331469,1,0,10.5,1
PO-00668,Beta_Supplies,2023-02-22,2023-03-05,Office Supplies,Delivered,1065,47.49,41.42,113.0,Yes,11,0.10610328638497653,0.12781638239629395,1,0,10.0,0
PO-00669,Gamma_Co,2022-12-05,2022-12-17,Packaging,Delivered,1398,75.08,67.09,57.0,Yes,12,0.0407725321888412,0.10641981885988272,1,0,11.0,0
PO-00670,Beta_Supplies,2023-07-10,2023-07-17,Packaging,Delivered,565,32.31,29.76,60.0,Yes,7,0.10619469026548672,0.07892293407613743,1,0,11.0,1
PO-00671,Epsilon_Group,2023-04-23,2023-05-06,Packaging,Pending,1089,102.66,89.21,33.0,Yes,13,0.030303030303030304,0.13101500097408925,1,0,11.0,0
PO-00672,Delta_Logistics,2023-03-02,2023-03-04,Electronics,Delivered,841,86.43,83.77,125.0,No,2,0.14863258026159334,0.030776350804119064,0,0,11.0,1
PO-00673,Delta_Logistics,2022-03-05,2022-03-16,Electronics,Delivered,385,18.23,17.74,0.0,Yes,11,0.0,0.026878771256171254,1,0,11.0,1
PO-00674,Epsilon_Group,2022-07-31,2022-08-17,Office Supplies,Delivered,1832,49.01,41.86,52.0,Yes,17,0.028384279475982533,0.1458885941644562,1,0,10.0,0
PO-00675,Beta_Supplies,2023-03-07,2023-03-27,Raw Materials,Delivered,307,95.36,83.63,29.0,Yes,20,0.09446254071661238,0.12300755033557051,1,0,10.5,0
PO-00676,Epsilon_Group,2023-02-03,2023-02-08,Office Supplies,Delivered,546,101.2,97.82,21.0,Yes,5,0.038461538461538464,0.0333992094861661,1,0,10.0,1
PO-00677,Delta_Logistics,2023-08-22,2023-09-11,Raw Materials,Delivered,945,57.01,55.14,147.0,No,20,0.15555555555555556,0.032801262936326916,0,0,10.5,0
PO-00678,Delta_Logistics,2023-12-14,2023-12-27,MRO,Pending,209,72.71,64.34,39.0,Yes,13,0.18660287081339713,0.11511483977444631,1,0,12.0,0
PO-00680,Delta_Logistics,2023-08-13,2023-08-23,Raw Materials,Delivered,901,108.63,106.3,141.0,Yes,10,0.1564927857935627,0.021448955168922014,1,0,10.5,1
PO-00681,Epsilon_Group,2023-01-25,2023-02-11,Packaging,Delivered,1737,32.7,31.02,48.0,Yes,17,0.027633851468048358,0.05137614678899092,1,0,11.0,0
PO-00682,Beta_Supplies,2023-05-04,2023-05-22,Raw Materials,Delivered,1981,102.43,90.99,204.0,Yes,18,0.10297829379101464,0.11168602948354985,1,0,10.5,0
PO-00683,Epsilon_Group,2022-01-07,2022-01-26,MRO,Pending,739,68.47,66.09,19.0,Yes,19,0.02571041948579161,0.03475974879509267,1,0,12.0,0
PO-00684,Beta_Supplies,2022-12-27,2022-12-28,Raw Materials,Delivered,1748,68.25,62.84,171.0,Yes,1,0.09782608695652174,0.07926739926739922,1,0,10.5,1
PO-00687,Beta_Supplies,2023-03-06,2023-03-07,Packaging,Delivered,1006,27.7,23.66,101.0,No,1,0.10039761431411531,0.1458483754512635,0,0,11.0,1
PO-00688,Beta_Supplies,2023-07-06,2023-07-15,Electronics,Partially Delivered,740,32.53,29.35,84.0,Yes,9,0.11351351351351352,0.09775591761450968,1,0,11.0,1
PO-00693,Gamma_Co,2022-08-13,2022-09-02,MRO,Partially Delivered,1650,100.62,90.45,85.0,Yes,20,0.051515151515151514,0.10107334525939178,1,0,12.0,0
PO-00694,Alpha_Inc,2022-10-07,2022-10-20,MRO,Delivered,1490,93.57,81.68,29.0,Yes,13,0.019463087248322148,0.1270706422998823,1,0,12.0,0
PO-00695,Delta_Logistics,2023-03-23,2023-03-31,Raw Materials,Delivered,1241,100.04,97.56,187.0,Yes,8,0.1506849315068493,0.024790083966413475,1,0,10.5,1
PO-00696,Beta_Supplies,2023-05-13,2023-05-17,MRO,Delivered,1915,107.51,102.66,184.0,Yes,4,0.09608355091383812,0.0451120825969678,1,0,12.0,1
PO-00697,Beta_Supplies,2022-01-30,2022-02-14,Raw Materials,Delivered,1116,25.65,24.28,121.0,Yes,15,0.10842293906810035,0.053411306042884896,1,0,10.5,0
PO-00698,Delta_Logistics,2023-02-03,2023-02-08,Raw Materials,Delivered,1629,48.63,43.28,260.0,Yes,5,0.1596071209330878,0.11001439440674483,1,0,10.5,1
PO-00699,Epsilon_Group,2022-12-11,2022-12-18,Office Supplies,Delivered,334,82.54,74.63,0.0,Yes,7,0.0,0.09583232372183197,1,0,10.0,1
PO-00700,Epsilon_Group,2023-11-16,2023-12-06,Packaging,Delivered,446,80.63,70.37,0.0,Yes,20,0.0,0.12724792260945048,1,0,11.0,0
PO-00702,Delta_Logistics,2023-02-19,2023-02-21,Packaging,Delivered,1680,88.85,87.53,0.0,Yes,2,0.0,0.014856499718626823,1,0,11.0,1
PO-00703,Delta_Logistics,2022-06-19,2022-07-06,Electronics,Delivered,1375,30.95,30.02,223.0,Yes,17,0.16218181818181818,0.03004846526655896,1,0,11.0,0
PO-00704,Delta_Logistics,2023-04-24,2023-05-05,Electronics,Partially Delivered,1971,32.4,30.48,321.0,Yes,11,0.1628614916286149,0.059259259259259206,1,0,11.0,1
PO-00707,Beta_Supplies,2023-07-01,2023-07-07,MRO,Delivered,803,67.81,61.53,78.0,Yes,6,0.09713574097135741,0.0926117091874355,1,0,12.0,1
PO-00708,Alpha_Inc,2022-01-28,2022-02-15,MRO,Delivered,84,18.23,15.55,0.0,Yes,18,0.0,0.14701042238069115,1,0,12.0,0
PO-00709,Epsilon_Group,2023-02-08,2023-02-20,Packaging,Delivered,776,94.75,90.89,19.0,Yes,12,0.024484536082474227,0.04073878627968337,1,0,11.0,0
PO-00710,Alpha_Inc,2023-08-30,2023-09-08,MRO,Delivered,898,37.12,35.54,18.0,No,9,0.0200445434298441,0.04256465517241375,0,0,12.0,1
PO-00713,Alpha_Inc,2022-01-28,2022-02-07,MRO,Delivered,654,96.01,90.31,10.0,Yes,10,0.01529051987767584,0.059368815748359574,1,0,12.0,1
PO-00714,Gamma_Co,2022-03-27,2022-04-06,MRO,Delivered,1995,88.47,82.65,87.0,No,10,0.04360902255639098,0.0657850118684299,0,0,12.0,1
PO-00715,Beta_Supplies,2023-10-21,2023-10-28,MRO,Delivered,1019,91.56,77.93,111.0,No,7,0.10893032384690873,0.1488641328090869,0,0,12.0,1
PO-00716,Epsilon_Group,2023-03-15,2023-03-31,Packaging,Pending,1675,73.8,65.34,42.0,Yes,16,0.02507462686567164,0.11463414634146334,1,0,11.0,0
PO-00717,Gamma_Co,2022-05-19,2022-05-31,Raw Materials,Pending,1071,60.77,58.5,0.0,Yes,12,0.0,0.037353957544841256,1,0,10.5,0
PO-00718,Beta_Supplies,2023-04-18,2023-04-27,Office Supplies,Delivered,467,19.17,17.11,49.0,Yes,9,0.10492505353319058,0.10745957224830475,1,0,10.0,1
PO-00719,Delta_Logistics,2022-07-06,2022-07-25,MRO,Pending,164,48.16,47.46,27.0,Yes,19,0.16463414634146342,0.014534883720930146,1,0,12.0,0
PO-00721,Delta_Logistics,2022-09-24,2022-10-07,Packaging,Partially Delivered,1976,34.71,31.56,286.0,No,13,0.14473684210526316,0.09075194468452902,0,0,11.0,0
PO-00722,Epsilon_Group,2023-01-24,2023-01-29,MRO,Delivered,1269,79.61,71.86,47.0,Yes,5,0.037037037037037035,0.09734957919859315,1,0,12.0,1
PO-00723,Epsilon_Group,2022-12-02,2022-12-12,MRO,Delivered,875,57.63,51.8,16.0,Yes,10,0.018285714285714287,0.10116258892937716,1,0,12.0,1
PO-00725,Epsilon_Group,2023-04-11,2023-04-26,Office Supplies,Partially Delivered,1699,32.05,29.34,69.0,Yes,15,0.04061212477928193,0.08455538221528854,1,0,10.0,0
PO-00726,Alpha_Inc,2022-12-01,2022-12-17,Electronics,Delivered,1566,75.43,71.27,27.0,Yes,16,0.017241379310344827,0.05515047063502599,1,0,11.0,0
PO-00727,Gamma_Co,2022-12-12,2022-12-30,Electronics,Delivered,1148,17.78,17.16,61.0,Yes,18,0.05313588850174216,0.03487064116985382,1,0,11.0,0
PO-00728,Epsilon_Group,2023-01-24,2023-02-11,Office Supplies,Delivered,462,91.81,83.14,11.0,Yes,18,0.023809523809523808,0.09443415749918312,1,0,10.0,0
PO-00729,Gamma_Co,2022-10-12,2022-10-17,Packaging,Delivered,1449,57.02,49.28,71.0,Yes,5,0.04899930986887509,0.13574184496667838,1,0,11.0,1
PO-00730,Epsilon_Group,2023-03-08,2023-03-27,MRO,Delivered,1493,56.98,52.51,43.0,Yes,19,0.028801071667782986,0.07844857844857843,1,0,12.0,0
PO-00731,Alpha_Inc,2022-09-16,2022-09-18,Office Supplies,Delivered,778,65.85,62.08,0.0,No,2,0.0,0.057251328777524625,0,0,10.0,1
PO-00732,Delta_Logistics,2022-03-25,2022-04-11,Packaging,Partially Delivered,1350,85.06,82.34,0.0,No,17,0.0,0.031977427698095445,0,0,11.0,0
PO-00733,Epsilon_Group,2023-04-27,2023-05-05,Packaging,Delivered,1070,44.4,40.07,26.0,Yes,8,0.024299065420560748,0.09752252252252248,1,0,11.0,1
PO-00734,Beta_Supplies,2022-01-20,2022-02-03,Packaging,Pending,810,71.02,66.8,73.0,Yes,14,0.09012345679012346,0.05941988172345817,1,0,11.0,0
PO-00736,Alpha_Inc,2022-02-23,2022-02-28,Electronics,Delivered,1467,34.2,30.5,25.0,Yes,5,0.017041581458759374,0.10818713450292405,1,0,11.0,1
PO-00737,Beta_Supplies,2022-12-25,2023-01-12,Packaging,Delivered,1942,93.98,81.31,198.0,Yes,18,0.101956745623069,0.13481591828048523,1,0,11.0,0
PO-00739,Alpha_Inc,2023-10-28,2023-11-13,MRO,Delivered,969,76.53,75.64,30.0,Yes,16,0.030959752321981424,0.01162942636874429,1,0,12.0,0
PO-00740,Delta_Logistics,2022-03-12,2022-03-19,MRO,Delivered,241,87.42,82.15,0.0,Yes,7,0.0,0.060283687943262367,1,0,12.0,1
PO-00741,Gamma_Co,2023-10-30,2023-11-09,Raw Materials,Delivered,788,97.3,94.44,32.0,Yes,10,0.04060913705583756,0.02939362795477903,1,0,10.5,1
PO-00742,Gamma_Co,2022-02-11,2022-02-13,Office Supplies,Delivered,1762,74.12,65.71,94.0,Yes,2,0.053348467650397274,0.11346465191581233,1,0,10.0,1
PO-00744,Delta_Logistics,2022-09-11,2022-09-30,Office Supplies,Delivered,1621,75.68,73.78,226.0,No,19,0.13942011104256632,0.0251057082452432,0,0,10.0,0
PO-00745,Alpha_Inc,2022-07-24,2022-07-26,Packaging,Delivered,1027,73.35,65.42,24.0,No,2,0.023369036027263874,0.10811179277436937,0,0,11.0,1
PO-00747,Beta_Supplies,2023-09-29,2023-10-05,Packaging,Delivered,145,85.52,81.86,11.0,No,6,0.07586206896551724,0.04279700654817583,0,0,11.0,1
PO-00749,Gamma_Co,2022-09-02,2022-09-15,Electronics,Delivered,712,92.85,89.39,43.0,Yes,13,0.060393258426966294,0.037264404954227184,1,0,11.0,0
PO-00750,Epsilon_Group,2022-05-10,2022-05-16,Electronics,Delivered,1263,90.24,86.84,28.0,Yes,6,0.022169437846397466,0.037677304964538916,1,0,11.0,1
PO-00754,Beta_Supplies,2023-08-01,2023-08-02,Electronics,Delivered,1442,43.98,41.82,140.0,No,1,0.0970873786407767,0.04911323328785804,0,0,11.0,1
PO-00755,Beta_Supplies,2022-08-12,2022-09-01,Office Supplies,Pending,1768,79.61,74.97,207.0,No,20,0.1170814479638009,0.058284135158899644,0,0,10.0,0
PO-00756,Beta_Supplies,2023-04-22,2023-05-03,Electronics,Partially Delivered,1598,26.3,26.03,154.0,No,11,0.09637046307884856,0.010266159695817473,0,0,11.0,1
PO-00758,Epsilon_Group,2022-09-20,2022-09-25,Packaging,Delivered,266,88.29,80.22,4.0,Yes,5,0.015037593984962405,0.0914033299354401,1,0,11.0,1
PO-00759,Gamma_Co,2023-01-13,2023-01-28,Raw Materials,Delivered,916,59.01,53.37,47.0,Yes,15,0.05131004366812227,0.09557702084392478,1,0,10.5,0
PO-00761,Gamma_Co,2023-09-13,2023-09-28,Packaging,Delivered,1871,39.42,37.41,101.0,No,15,0.053981827899518976,0.050989345509893584,0,0,11.0,0
PO-00762,Epsilon_Group,2023-09-14,2023-09-20,Raw Materials,Delivered,1346,72.08,67.04,38.0,Yes,6,0.02823179791976226,0.06992230854605982,1,0,10.5,1
PO-00763,Epsilon_Group,2022-04-28,2022-05-09,Electronics,Delivered,1954,99.78,87.47,57.0,Yes,11,0.02917093142272262,0.12337141711765887,1,0,11.0,1
PO-00764,Beta_Supplies,2022-06-17,2022-07-06,Electronics,Delivered,111,68.53,65.22,11.0,Yes,19,0.0990990990990991,0.04830001459214946,1,0,11.0,0
PO-00765,Gamma_Co,2022-11-15,2022-11-22,Office Supplies,Pending,645,35.05,30.88,27.0,Yes,7,0.04186046511627907,0.11897289586305274,1,0,10.0,1
PO-00767,Gamma_Co,2023-08-16,2023-09-02,Electronics,Delivered,778,64.17,61.6,47.0,Yes,17,0.060411311053984576,0.04004986753934861,1,0,11.0,0
PO-00768,Epsilon_Group,2022-01-27,2022-02-09,Office Supplies,Delivered,1415,80.19,78.34,0.0,Yes,13,0.0,0.02307020825539337,1,0,10.0,0
PO-00769,Gamma_Co,2022-11-16,2022-11-22,Raw Materials,Delivered,446,20.61,19.46,14.0,Yes,6,0.03139013452914798,0.05579815623483739,1,0,10.5,1
PO-00771,Alpha_Inc,2023-11-25,2023-12-03,Electronics,Pending,1092,65.17,63.11,21.0,Yes,8,0.019230769230769232,0.03160963633573734,1,0,11.0,1
PO-00772,Beta_Supplies,2023-01-20,2023-02-02,Electronics,Delivered,226,102.47,99.16,28.0,Yes,13,0.12389380530973451,0.032302137210891015,1,0,11.0,0
PO-00773,Delta_Logistics,2023-02-11,2023-02-20,Electronics,Delivered,1685,43.42,42.24,262.0,Yes,9,0.15548961424332344,0.027176416397973278,1,0,11.0,1
PO-00775,Gamma_Co,2022-03-19,2022-04-07,Raw Materials,Delivered,494,94.82,81.89,29.0,Yes,19,0.058704453441295545,0.1363636363636363,1,0,10.5,0
PO-00776,Beta_Supplies,2023-08-30,2023-09-11,MRO,Delivered,1306,21.05,18.27,128.0,Yes,12,0.09800918836140889,0.13206650831353925,1,0,12.0,1
PO-00777,Beta_Supplies,2023-12-09,2023-12-11,Office Supplies,Delivered,1988,105.2,93.23,187.0,Yes,2,0.09406438631790745,0.11378326996197717,1,0,10.0,1
